{"level":"info","message":"Info message","timestamp":"2023-08-06T17:32:23.379Z"}
{"level":"error","message":"Error message","timestamp":"2023-08-06T17:32:23.383Z"}
{"level":"warn","message":"Warning message","timestamp":"2023-08-06T17:32:23.384Z"}
{"level":"info","message":"Info message","timestamp":"2023-08-06T17:52:34.432Z"}
{"level":"error","message":"Error message","timestamp":"2023-08-06T17:52:34.434Z"}
{"level":"warn","message":"Warning message","timestamp":"2023-08-06T17:52:34.434Z"}
{"level":"info","message":"Info message","timestamp":"2023-08-06T17:55:58.439Z"}
{"level":"error","message":"Error message","timestamp":"2023-08-06T17:55:58.441Z"}
{"level":"warn","message":"Warning message","timestamp":"2023-08-06T17:55:58.441Z"}
{"level":"info","message":"Express started on http://localhost:3000; press Ctrl-C to terminate.","timestamp":"2023-08-06T17:55:58.445Z"}
{"level":"info","message":"Info message","timestamp":"2023-08-06T18:56:10.661Z"}
{"level":"info","message":"Info message","timestamp":"2023-08-06T19:01:23.766Z"}
{"level":"error","message":"Error message","timestamp":"2023-08-06T19:01:23.768Z"}
{"level":"warn","message":"Warning message","timestamp":"2023-08-06T19:01:23.768Z"}
{"level":"info","message":"Express started on http://localhost:3000; press Ctrl-C to terminate.","timestamp":"2023-08-06T19:01:23.772Z"}
{"level":"info","message":"MongoDB connection established","timestamp":"2023-08-06T19:01:23.780Z"}
{"level":"info","message":"Info message","timestamp":"2023-08-06T19:03:38.314Z"}
{"level":"error","message":"Error message","timestamp":"2023-08-06T19:03:38.316Z"}
{"level":"warn","message":"Warning message","timestamp":"2023-08-06T19:03:38.316Z"}
{"level":"info","message":"Express started on http://localhost:3000; press Ctrl-C to terminate.","timestamp":"2023-08-06T19:03:38.320Z"}
{"level":"info","message":"MongoDB connection established","timestamp":"2023-08-06T19:03:38.328Z"}
{"level":"info","message":"Info message","timestamp":"2023-08-06T19:04:35.014Z"}
{"level":"error","message":"Error message","timestamp":"2023-08-06T19:04:35.016Z"}
{"level":"warn","message":"Warning message","timestamp":"2023-08-06T19:04:35.016Z"}
{"level":"info","message":"Express started on http://localhost:3000; press Ctrl-C to terminate.","timestamp":"2023-08-06T19:04:35.020Z"}
{"level":"info","message":"MongoDB connection established","timestamp":"2023-08-06T19:04:35.028Z"}
{"level":"info","message":"Info message","timestamp":"2023-08-06T19:06:06.459Z"}
{"level":"error","message":"Error message","timestamp":"2023-08-06T19:06:06.461Z"}
{"level":"warn","message":"Warning message","timestamp":"2023-08-06T19:06:06.461Z"}
{"level":"info","message":"Express started on http://localhost:3000; press Ctrl-C to terminate.","timestamp":"2023-08-06T19:06:06.465Z"}
{"level":"info","message":"MongoDB connection established","timestamp":"2023-08-06T19:06:06.473Z"}
{"level":"info","message":"Info message","timestamp":"2023-08-06T19:07:47.377Z"}
{"level":"error","message":"Error message","timestamp":"2023-08-06T19:07:47.379Z"}
{"level":"warn","message":"Warning message","timestamp":"2023-08-06T19:07:47.380Z"}
{"level":"info","message":"Express started on http://localhost:3000; press Ctrl-C to terminate.","timestamp":"2023-08-06T19:07:47.384Z"}
{"level":"info","message":"MongoDB connection established","timestamp":"2023-08-06T19:07:47.393Z"}
{"level":"info","message":"Get peaks request","timestamp":"2023-08-06T19:07:50.538Z"}
{"level":"info","message":"Get users request","timestamp":"2023-08-06T19:08:07.529Z"}
{"level":"info","message":"Get peaks request","timestamp":"2023-08-06T19:08:12.655Z"}
{"level":"info","message":"Get users request","timestamp":"2023-08-06T19:09:32.950Z"}
{"level":"info","message":"Info message","timestamp":"2023-08-06T19:10:09.287Z"}
{"level":"info","message":"Info message","timestamp":"2023-08-06T19:23:51.718Z"}
{"level":"info","message":"Info message","timestamp":"2023-08-06T19:24:30.565Z"}
{"level":"info","message":"Info message","timestamp":"2023-08-06T19:25:11.701Z"}
{"level":"error","message":"Error message","timestamp":"2023-08-06T19:25:11.703Z"}
{"level":"warn","message":"Warning message","timestamp":"2023-08-06T19:25:11.704Z"}
{"level":"info","message":"Express started on http://localhost:3000; press Ctrl-C to terminate.","timestamp":"2023-08-06T19:25:11.708Z"}
{"level":"info","message":"MongoDB connection established","timestamp":"2023-08-06T19:25:11.716Z"}
{"level":"info","message":"Info message","timestamp":"2023-08-06T19:25:37.993Z"}
{"level":"error","message":"Error message","timestamp":"2023-08-06T19:25:37.996Z"}
{"level":"warn","message":"Warning message","timestamp":"2023-08-06T19:25:37.996Z"}
{"level":"info","message":"Express started on http://localhost:3000; press Ctrl-C to terminate.","timestamp":"2023-08-06T19:25:38.000Z"}
{"level":"info","message":"MongoDB connection established","timestamp":"2023-08-06T19:25:38.010Z"}
{"level":"info","message":"Get users request","timestamp":"2023-08-06T19:25:48.706Z"}
{"level":"info","message":"Info message","timestamp":"2023-08-06T19:39:47.320Z"}
{"level":"error","message":"Error message","timestamp":"2023-08-06T19:39:47.322Z"}
{"level":"warn","message":"Warning message","timestamp":"2023-08-06T19:39:47.323Z"}
{"level":"info","message":"Express started on http://localhost:3000; press Ctrl-C to terminate.","timestamp":"2023-08-06T19:39:47.326Z"}
{"level":"info","message":"MongoDB connection established","timestamp":"2023-08-06T19:39:47.339Z"}
{"level":"info","message":"Get users request","timestamp":"2023-08-06T19:40:09.953Z"}
{"level":"info","message":"Info message","timestamp":"2023-08-06T19:43:33.638Z"}
{"level":"error","message":"Error message","timestamp":"2023-08-06T19:43:33.640Z"}
{"level":"warn","message":"Warning message","timestamp":"2023-08-06T19:43:33.640Z"}
{"level":"info","message":"Express started on http://localhost:3000; press Ctrl-C to terminate.","timestamp":"2023-08-06T19:43:33.644Z"}
{"level":"info","message":"MongoDB connection established","timestamp":"2023-08-06T19:43:33.653Z"}
{"level":"info","message":"Info message","timestamp":"2023-08-06T19:45:28.361Z"}
{"level":"error","message":"Error message","timestamp":"2023-08-06T19:45:28.363Z"}
{"level":"warn","message":"Warning message","timestamp":"2023-08-06T19:45:28.364Z"}
{"level":"info","message":"Express started on http://localhost:3000; press Ctrl-C to terminate.","timestamp":"2023-08-06T19:45:28.368Z"}
{"level":"info","message":"MongoDB connection established","timestamp":"2023-08-06T19:45:28.376Z"}
{"level":"info","message":"Info message","timestamp":"2023-08-06T19:46:04.020Z"}
{"level":"error","message":"Error message","timestamp":"2023-08-06T19:46:04.023Z"}
{"level":"warn","message":"Warning message","timestamp":"2023-08-06T19:46:04.023Z"}
{"level":"info","message":"Express started on http://localhost:3000; press Ctrl-C to terminate.","timestamp":"2023-08-06T19:46:04.028Z"}
{"level":"info","message":"MongoDB connection established","timestamp":"2023-08-06T19:46:04.036Z"}
{"level":"info","message":"Info message","timestamp":"2023-08-06T19:46:15.152Z"}
{"level":"error","message":"Error message","timestamp":"2023-08-06T19:46:15.154Z"}
{"level":"warn","message":"Warning message","timestamp":"2023-08-06T19:46:15.155Z"}
{"level":"info","message":"Express started on http://localhost:3000; press Ctrl-C to terminate.","timestamp":"2023-08-06T19:46:15.159Z"}
{"level":"info","message":"MongoDB connection established","timestamp":"2023-08-06T19:46:15.168Z"}
{"level":"info","message":"Get users request","timestamp":"2023-08-06T19:46:26.849Z"}
{"level":"http","message":"GET /api/users 304 - - 12.058 ms","timestamp":"2023-08-06T19:46:26.862Z"}
{"level":"info","message":"Get users request","timestamp":"2023-08-06T19:46:33.793Z"}
{"level":"http","message":"GET /api/users 304 - - 5.256 ms","timestamp":"2023-08-06T19:46:33.798Z"}
{"level":"info","message":"Get users request","timestamp":"2023-08-06T19:46:48.111Z"}
{"level":"http","message":"GET /api/users 304 - - 4.311 ms","timestamp":"2023-08-06T19:46:48.116Z"}
{"level":"info","message":"Get peaks request","timestamp":"2023-08-06T19:46:50.049Z"}
{"level":"http","message":"GET /api/peaks 304 - - 9.321 ms","timestamp":"2023-08-06T19:46:50.059Z"}
{"level":"info","message":"Info message","timestamp":"2023-08-06T19:50:39.821Z"}
{"level":"error","message":"Error message","timestamp":"2023-08-06T19:50:39.824Z"}
{"level":"warn","message":"Warning message","timestamp":"2023-08-06T19:50:39.824Z"}
{"level":"info","message":"Express started on http://localhost:3000; press Ctrl-C to terminate.","timestamp":"2023-08-06T19:50:39.828Z"}
{"level":"info","message":"MongoDB connection established","timestamp":"2023-08-06T19:50:39.836Z"}
{"level":"info","message":"Get users request","timestamp":"2023-08-06T19:50:47.130Z"}
{"level":"http","message":"GET /api/users 304 - - 13.560 ms","timestamp":"2023-08-06T19:50:47.145Z"}
{"level":"info","message":"Info message","timestamp":"2023-08-06T19:51:48.794Z"}
{"level":"error","message":"Error message","timestamp":"2023-08-06T19:51:48.796Z"}
{"level":"warn","message":"Warning message","timestamp":"2023-08-06T19:51:48.797Z"}
{"level":"info","message":"Express started on http://localhost:3000; press Ctrl-C to terminate.","timestamp":"2023-08-06T19:51:48.800Z"}
{"level":"info","message":"MongoDB connection established","timestamp":"2023-08-06T19:51:48.811Z"}
{"level":"http","message":"GET /api/users 304 - - 11.720 ms","timestamp":"2023-08-06T19:51:52.690Z"}
{"level":"info","message":"Info message","timestamp":"2023-08-07T20:56:56.664Z"}
{"level":"error","message":"Error message","timestamp":"2023-08-07T20:56:56.667Z"}
{"level":"warn","message":"Warning message","timestamp":"2023-08-07T20:56:56.668Z"}
{"level":"info","message":"Express started on http://localhost:3000; press Ctrl-C to terminate.","timestamp":"2023-08-07T20:56:56.675Z"}
{"level":"info","message":"MongoDB connection established","timestamp":"2023-08-07T20:56:56.685Z"}
{"level":"http","message":"GET /api/users 304 - - 31.290 ms","timestamp":"2023-08-07T20:57:17.429Z"}
{"level":"info","message":"Create user success","timestamp":"2023-08-07T20:57:36.832Z"}
{"level":"http","message":"POST /api/createUser 200 33 - 46.410 ms","timestamp":"2023-08-07T20:57:36.835Z"}
{"level":"http","message":"GET /api/users 200 405 - 6.920 ms","timestamp":"2023-08-07T20:57:48.460Z"}
{"level":"info","message":"Dropping Collection","timestamp":"2023-08-07T21:11:35.840Z"}
{"level":"http","message":"GET /api/resetUserCollection 200 43 - 4.700 ms","timestamp":"2023-08-07T21:11:35.846Z"}
{"level":"info","message":"Loading Users from handler","timestamp":"2023-08-07T21:11:35.847Z"}
{"level":"info","message":"Attempting to create database from mongoService.js","timestamp":"2023-08-07T21:11:35.859Z"}
{"level":"info","message":"Collection loaded in db.js","timestamp":"2023-08-07T21:11:35.863Z"}
{"level":"http","message":"GET /api/users 200 261 - 5.946 ms","timestamp":"2023-08-07T21:11:37.356Z"}
{"level":"info","message":"Info message","timestamp":"2023-08-07T21:28:53.464Z"}
{"level":"error","message":"Error message","timestamp":"2023-08-07T21:28:53.466Z"}
{"level":"warn","message":"Warning message","timestamp":"2023-08-07T21:28:53.467Z"}
{"level":"info","message":"Express started on http://localhost:3000; press Ctrl-C to terminate.","timestamp":"2023-08-07T21:28:53.471Z"}
{"level":"info","message":"MongoDB connection established","timestamp":"2023-08-07T21:28:53.480Z"}
{"level":"info","message":"Info message","timestamp":"2023-08-07T23:00:59.131Z"}
{"level":"error","message":"Error message","timestamp":"2023-08-07T23:00:59.134Z"}
{"level":"warn","message":"Warning message","timestamp":"2023-08-07T23:00:59.135Z"}
{"level":"info","message":"Express started on http://localhost:3000; press Ctrl-C to terminate.","timestamp":"2023-08-07T23:00:59.141Z"}
{"level":"info","message":"MongoDB connection established","timestamp":"2023-08-07T23:00:59.154Z"}
{"level":"info","message":"Dropping Collection","timestamp":"2023-08-07T23:01:19.272Z"}
{"level":"http","message":"GET /api/resetUserCollection 304 - - 10.108 ms","timestamp":"2023-08-07T23:01:19.286Z"}
{"level":"info","message":"Loading Users from handler","timestamp":"2023-08-07T23:01:19.291Z"}
{"level":"info","message":"Attempting to create database from mongoService.js","timestamp":"2023-08-07T23:01:19.307Z"}
{"level":"info","message":"Collection loaded in db.js","timestamp":"2023-08-07T23:01:19.326Z"}
{"level":"http","message":"GET /api/users 200 261 - 18.007 ms","timestamp":"2023-08-07T23:01:20.719Z"}
{"level":"info","message":"Create user success","timestamp":"2023-08-07T23:01:29.310Z"}
{"level":"http","message":"POST /api/createUser 200 33 - 9.260 ms","timestamp":"2023-08-07T23:01:29.313Z"}
{"level":"info","message":"Info message","timestamp":"2023-08-07T23:22:41.216Z"}
{"level":"error","message":"Error message","timestamp":"2023-08-07T23:22:41.218Z"}
{"level":"warn","message":"Warning message","timestamp":"2023-08-07T23:22:41.218Z"}
{"level":"info","message":"Express started on http://localhost:3000; press Ctrl-C to terminate.","timestamp":"2023-08-07T23:22:41.222Z"}
{"level":"info","message":"MongoDB connection established","timestamp":"2023-08-07T23:22:41.230Z"}
{"level":"info","message":"Dropping Collection","timestamp":"2023-08-07T23:22:57.663Z"}
{"level":"http","message":"GET /api/resetUserCollection 304 - - 8.043 ms","timestamp":"2023-08-07T23:22:57.677Z"}
{"level":"info","message":"Loading Users from handler","timestamp":"2023-08-07T23:22:57.681Z"}
{"level":"info","message":"Attempting to create database from mongoService.js","timestamp":"2023-08-07T23:22:57.697Z"}
{"level":"info","message":"Collection loaded in db.js","timestamp":"2023-08-07T23:22:57.713Z"}
{"level":"info","message":"Dropping Collection","timestamp":"2023-08-07T23:23:54.914Z"}
{"level":"http","message":"GET /api/resetUserCollection 304 - - 2.913 ms","timestamp":"2023-08-07T23:23:54.918Z"}
{"level":"info","message":"Loading Users from handler","timestamp":"2023-08-07T23:23:54.921Z"}
{"level":"info","message":"Attempting to create database from mongoService.js","timestamp":"2023-08-07T23:23:54.924Z"}
{"level":"info","message":"Collection loaded in db.js","timestamp":"2023-08-07T23:23:54.927Z"}
{"level":"http","message":"GET /api/users 200 261 - 19.232 ms","timestamp":"2023-08-07T23:23:56.632Z"}
{"level":"info","message":"Create user success","timestamp":"2023-08-07T23:23:59.034Z"}
{"level":"http","message":"POST /api/createUser 200 33 - 8.054 ms","timestamp":"2023-08-07T23:23:59.036Z"}
{"level":"http","message":"GET /api/users 200 405 - 5.280 ms","timestamp":"2023-08-07T23:24:00.430Z"}
{"level":"info","message":"Create user success","timestamp":"2023-08-07T23:24:02.402Z"}
{"level":"http","message":"POST /api/createUser 200 33 - 6.241 ms","timestamp":"2023-08-07T23:24:02.404Z"}
{"level":"http","message":"GET /api/users 200 549 - 4.098 ms","timestamp":"2023-08-07T23:24:03.348Z"}
{"level":"info","message":"Dropping Collection","timestamp":"2023-08-07T23:27:46.379Z"}
{"level":"http","message":"GET /api/resetUserCollection 304 - - 2.404 ms","timestamp":"2023-08-07T23:27:46.383Z"}
{"level":"info","message":"Loading Users from handler","timestamp":"2023-08-07T23:27:46.384Z"}
{"level":"info","message":"Attempting to create database from mongoService.js","timestamp":"2023-08-07T23:27:46.388Z"}
{"level":"info","message":"Collection loaded in db.js","timestamp":"2023-08-07T23:27:46.389Z"}
{"level":"http","message":"GET /api/users 200 261 - 6.030 ms","timestamp":"2023-08-07T23:27:47.309Z"}
{"level":"info","message":"Create user success","timestamp":"2023-08-07T23:27:48.620Z"}
{"level":"http","message":"POST /api/createUser 200 33 - 5.583 ms","timestamp":"2023-08-07T23:27:48.621Z"}
{"level":"http","message":"GET /api/users 200 405 - 4.481 ms","timestamp":"2023-08-07T23:27:50.246Z"}
{"level":"info","message":"Info message","timestamp":"2023-08-07T23:28:47.158Z"}
{"level":"error","message":"Error message","timestamp":"2023-08-07T23:28:47.160Z"}
{"level":"warn","message":"Warning message","timestamp":"2023-08-07T23:28:47.160Z"}
{"level":"info","message":"Express started on http://localhost:3000; press Ctrl-C to terminate.","timestamp":"2023-08-07T23:28:47.164Z"}
{"level":"info","message":"MongoDB connection established","timestamp":"2023-08-07T23:28:47.172Z"}
{"level":"info","message":"Dropping Collection","timestamp":"2023-08-07T23:28:52.723Z"}
{"level":"http","message":"GET /api/resetUserCollection 304 - - 3.563 ms","timestamp":"2023-08-07T23:28:52.728Z"}
{"level":"info","message":"Loading Users from handler","timestamp":"2023-08-07T23:28:52.730Z"}
{"level":"info","message":"Attempting to create database from mongoService.js","timestamp":"2023-08-07T23:28:52.735Z"}
{"level":"info","message":"Collection loaded in db.js","timestamp":"2023-08-07T23:28:52.743Z"}
{"level":"info","message":"Create user success","timestamp":"2023-08-07T23:28:57.043Z"}
{"level":"http","message":"POST /api/createUser 200 33 - 9.652 ms","timestamp":"2023-08-07T23:28:57.046Z"}
{"level":"http","message":"GET /api/users 200 405 - 18.202 ms","timestamp":"2023-08-07T23:28:59.177Z"}
{"level":"info","message":"Create user success","timestamp":"2023-08-07T23:29:00.783Z"}
{"level":"http","message":"POST /api/createUser 200 33 - 6.776 ms","timestamp":"2023-08-07T23:29:00.785Z"}
{"level":"http","message":"GET /api/users 200 549 - 6.984 ms","timestamp":"2023-08-07T23:29:02.067Z"}
{"level":"info","message":"Dropping Collection","timestamp":"2023-08-07T23:30:09.768Z"}
{"level":"http","message":"GET /api/resetUserCollection 304 - - 4.678 ms","timestamp":"2023-08-07T23:30:09.772Z"}
{"level":"info","message":"Loading Users from handler","timestamp":"2023-08-07T23:30:09.773Z"}
{"level":"info","message":"Attempting to create database from mongoService.js","timestamp":"2023-08-07T23:30:09.776Z"}
{"level":"info","message":"Collection loaded in db.js","timestamp":"2023-08-07T23:30:09.780Z"}
{"level":"info","message":"Info message","timestamp":"2023-08-07T23:33:11.477Z"}
{"level":"error","message":"Error message","timestamp":"2023-08-07T23:33:11.479Z"}
{"level":"warn","message":"Warning message","timestamp":"2023-08-07T23:33:11.479Z"}
{"level":"info","message":"Express started on http://localhost:3000; press Ctrl-C to terminate.","timestamp":"2023-08-07T23:33:11.483Z"}
{"level":"info","message":"MongoDB connection established","timestamp":"2023-08-07T23:33:11.491Z"}
{"level":"info","message":"Dropping Collection","timestamp":"2023-08-07T23:33:19.162Z"}
{"level":"http","message":"GET /api/resetUserCollection 304 - - 9.726 ms","timestamp":"2023-08-07T23:33:19.177Z"}
{"level":"info","message":"Loading Users from handler","timestamp":"2023-08-07T23:33:19.180Z"}
{"level":"info","message":"Attempting to create database from mongoService.js","timestamp":"2023-08-07T23:33:19.197Z"}
{"level":"info","message":"Collection loaded in db.js","timestamp":"2023-08-07T23:33:19.216Z"}
{"level":"http","message":"GET /api/users 200 261 - 29.252 ms","timestamp":"2023-08-07T23:33:20.036Z"}
{"level":"info","message":"Create user success","timestamp":"2023-08-07T23:33:45.346Z"}
{"level":"http","message":"POST /api/createUser 200 33 - 11.041 ms","timestamp":"2023-08-07T23:33:45.349Z"}
{"level":"http","message":"GET /api/users 200 405 - 9.344 ms","timestamp":"2023-08-07T23:33:46.505Z"}
{"level":"info","message":"Info message","timestamp":"2023-08-07T23:40:07.918Z"}
{"level":"error","message":"Error message","timestamp":"2023-08-07T23:40:07.920Z"}
{"level":"warn","message":"Warning message","timestamp":"2023-08-07T23:40:07.920Z"}
{"level":"info","message":"Express started on http://localhost:3000; press Ctrl-C to terminate.","timestamp":"2023-08-07T23:40:07.924Z"}
{"level":"info","message":"MongoDB connection established","timestamp":"2023-08-07T23:40:07.933Z"}
{"level":"info","message":"Dropping Collection","timestamp":"2023-08-07T23:40:15.007Z"}
{"level":"http","message":"GET /api/resetUserCollection 304 - - 4.790 ms","timestamp":"2023-08-07T23:40:15.013Z"}
{"level":"info","message":"Loading Users from handler","timestamp":"2023-08-07T23:40:15.015Z"}
{"level":"info","message":"Attempting to create database from mongoService.js","timestamp":"2023-08-07T23:40:15.020Z"}
{"level":"info","message":"Collection loaded in db.js","timestamp":"2023-08-07T23:40:15.025Z"}
{"level":"http","message":"GET /api/users 200 261 - 19.445 ms","timestamp":"2023-08-07T23:40:16.935Z"}
{"level":"info","message":"Info message","timestamp":"2023-08-08T00:18:51.538Z"}
{"level":"error","message":"Error message","timestamp":"2023-08-08T00:18:51.540Z"}
{"level":"warn","message":"Warning message","timestamp":"2023-08-08T00:18:51.540Z"}
{"level":"info","message":"Express started on http://localhost:3000; press Ctrl-C to terminate.","timestamp":"2023-08-08T00:18:51.544Z"}
{"level":"info","message":"MongoDB connection established","timestamp":"2023-08-08T00:18:51.552Z"}
{"level":"http","message":"GET /api/users 304 - - 10.012 ms","timestamp":"2023-08-08T00:18:58.293Z"}
{"level":"info","message":"Dropping Collection","timestamp":"2023-08-08T00:18:59.410Z"}
{"level":"http","message":"GET /api/resetUserCollection 304 - - 3.478 ms","timestamp":"2023-08-08T00:18:59.416Z"}
{"level":"info","message":"Loading Users from handler","timestamp":"2023-08-08T00:18:59.419Z"}
{"level":"info","message":"Attempting to create database from mongoService.js","timestamp":"2023-08-08T00:18:59.433Z"}
{"level":"info","message":"Collection loaded in db.js","timestamp":"2023-08-08T00:18:59.444Z"}
{"level":"http","message":"GET /api/users 200 261 - 8.804 ms","timestamp":"2023-08-08T00:19:00.696Z"}
{"level":"error","message":"Create user failed","timestamp":"2023-08-08T00:19:06.901Z"}
{"level":"info","message":"Create user success","timestamp":"2023-08-08T00:19:06.902Z"}
{"level":"http","message":"POST /api/createUser 200 33 - 15.874 ms","timestamp":"2023-08-08T00:19:06.905Z"}
{"level":"info","message":"Info message","timestamp":"2023-08-08T00:20:47.614Z"}
{"level":"error","message":"Error message","timestamp":"2023-08-08T00:20:47.616Z"}
{"level":"warn","message":"Warning message","timestamp":"2023-08-08T00:20:47.617Z"}
{"level":"info","message":"Express started on http://localhost:3000; press Ctrl-C to terminate.","timestamp":"2023-08-08T00:20:47.621Z"}
{"level":"info","message":"MongoDB connection established","timestamp":"2023-08-08T00:20:47.628Z"}
{"level":"http","message":"GET /api/users 304 - - 26.201 ms","timestamp":"2023-08-08T00:21:31.818Z"}
{"code":11000,"index":0,"keyPattern":{"email":1},"keyValue":{"email":"johndoe@hotmail.com"},"level":"error","timestamp":"2023-08-08T00:21:33.795Z"}
{"level":"info","message":"Create user success","timestamp":"2023-08-08T00:21:33.796Z"}
{"level":"http","message":"POST /api/createUser 200 33 - 24.920 ms","timestamp":"2023-08-08T00:21:33.798Z"}
{"level":"info","message":"Info message","timestamp":"2023-08-08T00:24:46.720Z"}
{"level":"error","message":"Error message","timestamp":"2023-08-08T00:24:46.724Z"}
{"level":"warn","message":"Warning message","timestamp":"2023-08-08T00:24:46.725Z"}
{"level":"info","message":"Express started on http://localhost:3000; press Ctrl-C to terminate.","timestamp":"2023-08-08T00:24:46.734Z"}
{"level":"info","message":"MongoDB connection established","timestamp":"2023-08-08T00:24:46.747Z"}
{"code":11000,"index":0,"keyPattern":{"email":1},"keyValue":{"email":"johndoe@hotmail.com"},"level":"error","timestamp":"2023-08-08T00:24:51.868Z"}
{"level":"info","message":"Create user success","timestamp":"2023-08-08T00:24:51.869Z"}
{"level":"http","message":"POST /api/createUser 200 33 - 14.919 ms","timestamp":"2023-08-08T00:24:51.874Z"}
{"level":"info","message":"Info message","timestamp":"2023-08-08T00:32:25.278Z"}
{"level":"error","message":"Error message","timestamp":"2023-08-08T00:32:25.281Z"}
{"level":"warn","message":"Warning message","timestamp":"2023-08-08T00:32:25.282Z"}
{"level":"info","message":"Express started on http://localhost:3000; press Ctrl-C to terminate.","timestamp":"2023-08-08T00:32:25.286Z"}
{"level":"info","message":"MongoDB connection established","timestamp":"2023-08-08T00:32:25.300Z"}
{"code":11000,"index":0,"keyPattern":{"email":1},"keyValue":{"email":"johndoe@hotmail.com"},"level":"error","timestamp":"2023-08-08T00:32:31.622Z"}
{"level":"info","message":"Dropping Collection","timestamp":"2023-08-08T00:32:39.198Z"}
{"level":"http","message":"GET /api/resetUserCollection 304 - - 8.488 ms","timestamp":"2023-08-08T00:32:39.211Z"}
{"level":"info","message":"Loading Users from handler","timestamp":"2023-08-08T00:32:39.214Z"}
{"level":"info","message":"Attempting to create database from mongoService.js","timestamp":"2023-08-08T00:32:39.229Z"}
{"level":"info","message":"Collection loaded in db.js","timestamp":"2023-08-08T00:32:39.235Z"}
{"code":11000,"index":0,"keyPattern":{"email":1},"keyValue":{"email":"johndoe@hotmail.com"},"level":"error","timestamp":"2023-08-08T00:32:41.100Z"}
{"level":"info","message":"Info message","timestamp":"2023-08-08T00:33:02.806Z"}
{"level":"error","message":"Error message","timestamp":"2023-08-08T00:33:02.808Z"}
{"level":"warn","message":"Warning message","timestamp":"2023-08-08T00:33:02.808Z"}
{"level":"info","message":"Express started on http://localhost:3000; press Ctrl-C to terminate.","timestamp":"2023-08-08T00:33:02.812Z"}
{"level":"info","message":"MongoDB connection established","timestamp":"2023-08-08T00:33:02.820Z"}
{"code":11000,"index":0,"keyPattern":{"email":1},"keyValue":{"email":"johndoe@hotmail.com"},"level":"error","timestamp":"2023-08-08T00:33:08.273Z"}
{"level":"info","message":"Info message","timestamp":"2023-08-08T00:38:49.110Z"}
{"level":"error","message":"Error message","timestamp":"2023-08-08T00:38:49.112Z"}
{"level":"warn","message":"Warning message","timestamp":"2023-08-08T00:38:49.112Z"}
{"level":"info","message":"Express started on http://localhost:3000; press Ctrl-C to terminate.","timestamp":"2023-08-08T00:38:49.116Z"}
{"level":"info","message":"MongoDB connection established","timestamp":"2023-08-08T00:38:49.124Z"}
{"code":11000,"index":0,"keyPattern":{"email":1},"keyValue":{"email":"johndoe@hotmail.com"},"level":"error","timestamp":"2023-08-08T00:38:53.245Z"}
{"level":"http","message":"POST /api/createUser 200 147 - 18.694 ms","timestamp":"2023-08-08T00:38:53.250Z"}
{"level":"info","message":"Info message","timestamp":"2023-08-08T00:39:43.047Z"}
{"level":"error","message":"Error message","timestamp":"2023-08-08T00:39:43.049Z"}
{"level":"warn","message":"Warning message","timestamp":"2023-08-08T00:39:43.049Z"}
{"level":"info","message":"Express started on http://localhost:3000; press Ctrl-C to terminate.","timestamp":"2023-08-08T00:39:43.053Z"}
{"level":"info","message":"MongoDB connection established","timestamp":"2023-08-08T00:39:43.061Z"}
{"code":11000,"index":0,"keyPattern":{"email":1},"keyValue":{"email":"johndoe@hotmail.com"},"level":"error","timestamp":"2023-08-08T00:39:46.411Z"}
{"level":"http","message":"POST /api/createUser 200 149 - 15.977 ms","timestamp":"2023-08-08T00:39:46.415Z"}
{"level":"info","message":"Info message","timestamp":"2023-08-08T00:42:11.055Z"}
{"level":"error","message":"Error message","timestamp":"2023-08-08T00:42:11.057Z"}
{"level":"warn","message":"Warning message","timestamp":"2023-08-08T00:42:11.057Z"}
{"level":"info","message":"Express started on http://localhost:3000; press Ctrl-C to terminate.","timestamp":"2023-08-08T00:42:11.061Z"}
{"level":"info","message":"MongoDB connection established","timestamp":"2023-08-08T00:42:11.070Z"}
{"error":{"code":11000,"index":0,"keyPattern":{"email":1},"keyValue":{"email":"johndoe@hotmail.com"}},"level":"error","message":"Create user failed","timestamp":"2023-08-08T00:42:15.897Z"}
{"level":"http","message":"POST /api/createUser 200 92 - 21.677 ms","timestamp":"2023-08-08T00:42:15.901Z"}
{"level":"info","message":"Info message","timestamp":"2023-08-08T00:43:32.943Z"}
{"level":"error","message":"Error message","timestamp":"2023-08-08T00:43:32.945Z"}
{"level":"warn","message":"Warning message","timestamp":"2023-08-08T00:43:32.946Z"}
{"level":"info","message":"Express started on http://localhost:3000; press Ctrl-C to terminate.","timestamp":"2023-08-08T00:43:32.950Z"}
{"level":"info","message":"MongoDB connection established","timestamp":"2023-08-08T00:43:32.957Z"}
{"error":{"code":11000,"index":0,"keyPattern":{"email":1},"keyValue":{"email":"johndoe@hotmail.com"}},"level":"error","message":"Create user failed","timestamp":"2023-08-08T00:43:35.096Z"}
{"level":"http","message":"POST /api/createUser 200 188 - 25.490 ms","timestamp":"2023-08-08T00:43:35.103Z"}
{"level":"info","message":"Info message","timestamp":"2023-08-08T00:44:45.589Z"}
{"level":"error","message":"Error message","timestamp":"2023-08-08T00:44:45.591Z"}
{"level":"warn","message":"Warning message","timestamp":"2023-08-08T00:44:45.592Z"}
{"level":"info","message":"Express started on http://localhost:3000; press Ctrl-C to terminate.","timestamp":"2023-08-08T00:44:45.595Z"}
{"level":"info","message":"MongoDB connection established","timestamp":"2023-08-08T00:44:45.604Z"}
{"error":{"code":11000,"index":0,"keyPattern":{"email":1},"keyValue":{"email":"johndoe@hotmail.com"}},"level":"error","message":"Create user failed","timestamp":"2023-08-08T00:44:52.496Z"}
{"level":"http","message":"POST /api/createUser 200 188 - 18.967 ms","timestamp":"2023-08-08T00:44:52.501Z"}
{"level":"info","message":"Info message","timestamp":"2023-08-08T00:49:12.457Z"}
{"level":"error","message":"Error message","timestamp":"2023-08-08T00:49:12.459Z"}
{"level":"warn","message":"Warning message","timestamp":"2023-08-08T00:49:12.460Z"}
{"level":"info","message":"Express started on http://localhost:3000; press Ctrl-C to terminate.","timestamp":"2023-08-08T00:49:12.464Z"}
{"level":"info","message":"MongoDB connection established","timestamp":"2023-08-08T00:49:12.471Z"}
{"level":"http","message":"GET /api/users 200 261 - 23.768 ms","timestamp":"2023-08-08T00:49:47.616Z"}
{"level":"info","message":"Peak found is {\"_id\":\"64bbe7fe820a75f2b655dd4b\",\"rank\":1,\"name\":\"Mount Elbert\",\"range\":\"Sawatch Range\",\"elevation\":14440,\"latitude\":\"39.1178\",\"longitude\":\"-106.4454\",\"standard_route\":\"Northeast Ridge\",\"distance\":\"9.5\",\"gain\":4700,\"difficulty\":\"Class 1\",\"photo\":\"https://www.14ers.com/photos/mtelbert/peakphotos/large/201207_Elbert01.jpg\",\"__v\":0}","timestamp":"2023-08-08T00:49:53.842Z"}
{"level":"http","message":"GET /api/peak/1 304 - - 7.569 ms","timestamp":"2023-08-08T00:49:53.844Z"}
{"level":"info","message":"Peak found is null","timestamp":"2023-08-08T00:50:06.429Z"}
{"level":"http","message":"GET /api/peak/100 200 6 - 4.416 ms","timestamp":"2023-08-08T00:50:06.430Z"}
{"level":"info","message":"Info message","timestamp":"2023-08-08T00:51:42.788Z"}
{"level":"error","message":"Error message","timestamp":"2023-08-08T00:51:42.790Z"}
{"level":"warn","message":"Warning message","timestamp":"2023-08-08T00:51:42.791Z"}
{"level":"info","message":"Express started on http://localhost:3000; press Ctrl-C to terminate.","timestamp":"2023-08-08T00:51:42.795Z"}
{"level":"info","message":"MongoDB connection established","timestamp":"2023-08-08T00:51:42.804Z"}
{"level":"info","message":"Info message","timestamp":"2023-08-08T00:53:02.576Z"}
{"level":"error","message":"Error message","timestamp":"2023-08-08T00:53:02.578Z"}
{"level":"warn","message":"Warning message","timestamp":"2023-08-08T00:53:02.578Z"}
{"level":"info","message":"Express started on http://localhost:3000; press Ctrl-C to terminate.","timestamp":"2023-08-08T00:53:02.583Z"}
{"level":"info","message":"MongoDB connection established","timestamp":"2023-08-08T00:53:02.591Z"}
{"level":"info","message":"Info message","timestamp":"2023-08-08T00:53:30.153Z"}
{"level":"error","message":"Error message","timestamp":"2023-08-08T00:53:30.155Z"}
{"level":"warn","message":"Warning message","timestamp":"2023-08-08T00:53:30.155Z"}
{"level":"info","message":"Express started on http://localhost:3000; press Ctrl-C to terminate.","timestamp":"2023-08-08T00:53:30.159Z"}
{"level":"info","message":"MongoDB connection established","timestamp":"2023-08-08T00:53:30.170Z"}
{"level":"http","message":"GET /api/users 304 - - 20.552 ms","timestamp":"2023-08-08T00:53:35.418Z"}
{"level":"info","message":"Info message","timestamp":"2023-08-08T00:53:54.949Z"}
{"level":"error","message":"Error message","timestamp":"2023-08-08T00:53:54.951Z"}
{"level":"warn","message":"Warning message","timestamp":"2023-08-08T00:53:54.952Z"}
{"level":"info","message":"Express started on http://localhost:3000; press Ctrl-C to terminate.","timestamp":"2023-08-08T00:53:54.956Z"}
{"level":"info","message":"MongoDB connection established","timestamp":"2023-08-08T00:53:54.964Z"}
{"level":"info","message":"Peak found is {\"_id\":\"64bbe7fe820a75f2b655dd4b\",\"rank\":1,\"name\":\"Mount Elbert\",\"range\":\"Sawatch Range\",\"elevation\":14440,\"latitude\":\"39.1178\",\"longitude\":\"-106.4454\",\"standard_route\":\"Northeast Ridge\",\"distance\":\"9.5\",\"gain\":4700,\"difficulty\":\"Class 1\",\"photo\":\"https://www.14ers.com/photos/mtelbert/peakphotos/large/201207_Elbert01.jpg\",\"__v\":0}","timestamp":"2023-08-08T00:54:00.054Z"}
{"level":"http","message":"GET /api/peak/1 304 - - 17.179 ms","timestamp":"2023-08-08T00:54:00.061Z"}
{"level":"info","message":"Info message","timestamp":"2023-08-08T00:54:49.633Z"}
{"level":"error","message":"Error message","timestamp":"2023-08-08T00:54:49.635Z"}
{"level":"warn","message":"Warning message","timestamp":"2023-08-08T00:54:49.635Z"}
{"level":"info","message":"Express started on http://localhost:3000; press Ctrl-C to terminate.","timestamp":"2023-08-08T00:54:49.641Z"}
{"level":"info","message":"MongoDB connection established","timestamp":"2023-08-08T00:54:49.651Z"}
{"level":"info","message":"Peak found is {\"_id\":\"64bbe7fe820a75f2b655dd4b\",\"rank\":1,\"name\":\"Mount Elbert\",\"range\":\"Sawatch Range\",\"elevation\":14440,\"latitude\":\"39.1178\",\"longitude\":\"-106.4454\",\"standard_route\":\"Northeast Ridge\",\"distance\":\"9.5\",\"gain\":4700,\"difficulty\":\"Class 1\",\"photo\":\"https://www.14ers.com/photos/mtelbert/peakphotos/large/201207_Elbert01.jpg\",\"__v\":0}","timestamp":"2023-08-08T00:54:54.704Z"}
{"level":"http","message":"GET /api/peak/1 304 - - 16.079 ms","timestamp":"2023-08-08T00:54:54.711Z"}
{"level":"info","message":"Peak found is null","timestamp":"2023-08-08T00:55:00.898Z"}
{"level":"http","message":"GET /api/peak/100 200 6 - 5.903 ms","timestamp":"2023-08-08T00:55:00.901Z"}
{"level":"info","message":"Info message","timestamp":"2023-08-08T00:57:06.503Z"}
{"level":"error","message":"Error message","timestamp":"2023-08-08T00:57:06.506Z"}
{"level":"warn","message":"Warning message","timestamp":"2023-08-08T00:57:06.506Z"}
{"level":"info","message":"Express started on http://localhost:3000; press Ctrl-C to terminate.","timestamp":"2023-08-08T00:57:06.511Z"}
{"level":"info","message":"MongoDB connection established","timestamp":"2023-08-08T00:57:06.519Z"}
{"level":"error","message":"Peak not found","timestamp":"2023-08-08T00:57:12.563Z"}
{"level":"http","message":"GET /api/peak/100 200 83 - 13.252 ms","timestamp":"2023-08-08T00:57:12.572Z"}
{"level":"info","message":"Info message","timestamp":"2023-08-08T00:58:33.435Z"}
{"level":"error","message":"Error message","timestamp":"2023-08-08T00:58:33.438Z"}
{"level":"warn","message":"Warning message","timestamp":"2023-08-08T00:58:33.439Z"}
{"level":"info","message":"Express started on http://localhost:3000; press Ctrl-C to terminate.","timestamp":"2023-08-08T00:58:33.444Z"}
{"level":"info","message":"MongoDB connection established","timestamp":"2023-08-08T00:58:33.455Z"}
{"level":"http","message":"GET /api/users 304 - - 15.447 ms","timestamp":"2023-08-08T00:58:39.256Z"}
{"level":"info","message":"Peak found is {\"_id\":\"64bbe7fe820a75f2b655dd4b\",\"rank\":1,\"name\":\"Mount Elbert\",\"range\":\"Sawatch Range\",\"elevation\":14440,\"latitude\":\"39.1178\",\"longitude\":\"-106.4454\",\"standard_route\":\"Northeast Ridge\",\"distance\":\"9.5\",\"gain\":4700,\"difficulty\":\"Class 1\",\"photo\":\"https://www.14ers.com/photos/mtelbert/peakphotos/large/201207_Elbert01.jpg\",\"__v\":0}","timestamp":"2023-08-08T00:58:42.247Z"}
{"level":"http","message":"GET /api/peak/1 304 - - 14.032 ms","timestamp":"2023-08-08T00:58:42.250Z"}
{"level":"error","message":"Peak not found","timestamp":"2023-08-08T00:58:52.185Z"}
{"level":"http","message":"GET /api/peak/100 200 83 - 4.112 ms","timestamp":"2023-08-08T00:58:52.187Z"}
{"level":"error","message":"Peak not found","timestamp":"2023-08-08T00:59:06.124Z"}
{"level":"http","message":"GET /api/peak/100 200 83 - 5.202 ms","timestamp":"2023-08-08T00:59:06.126Z"}
{"level":"info","message":"Info message","timestamp":"2023-08-08T23:49:12.964Z"}
{"level":"error","message":"Error message","timestamp":"2023-08-08T23:49:12.967Z"}
{"level":"warn","message":"Warning message","timestamp":"2023-08-08T23:49:12.967Z"}
{"level":"info","message":"Express started on http://localhost:3000; press Ctrl-C to terminate.","timestamp":"2023-08-08T23:49:12.971Z"}
{"level":"info","message":"MongoDB connection established","timestamp":"2023-08-08T23:49:12.983Z"}
{"level":"info","message":"Info message","timestamp":"2023-08-09T00:17:08.591Z"}
{"level":"error","message":"Error message","timestamp":"2023-08-09T00:17:08.593Z"}
{"level":"warn","message":"Warning message","timestamp":"2023-08-09T00:17:08.593Z"}
{"level":"info","message":"Express started on http://localhost:3000; press Ctrl-C to terminate.","timestamp":"2023-08-09T00:17:08.597Z"}
{"level":"info","message":"MongoDB connection established","timestamp":"2023-08-09T00:17:08.604Z"}
{"level":"info","message":"Peak found is {\"_id\":\"64bbe7fe820a75f2b655dd4b\",\"rank\":1,\"name\":\"Mount Elbert\",\"range\":\"Sawatch Range\",\"elevation\":14440,\"latitude\":\"39.1178\",\"longitude\":\"-106.4454\",\"standard_route\":\"Northeast Ridge\",\"distance\":\"9.5\",\"gain\":4700,\"difficulty\":\"Class 1\",\"photo\":\"https://www.14ers.com/photos/mtelbert/peakphotos/large/201207_Elbert01.jpg\",\"__v\":0}","timestamp":"2023-08-09T00:17:45.491Z"}
{"level":"error","message":"Peak not found","timestamp":"2023-08-09T00:17:50.104Z"}
{"level":"info","message":"Info message","timestamp":"2023-08-09T00:19:53.341Z"}
{"level":"error","message":"Error message","timestamp":"2023-08-09T00:19:53.343Z"}
{"level":"warn","message":"Warning message","timestamp":"2023-08-09T00:19:53.343Z"}
{"level":"info","message":"Express started on http://localhost:3000; press Ctrl-C to terminate.","timestamp":"2023-08-09T00:19:53.347Z"}
{"level":"info","message":"MongoDB connection established","timestamp":"2023-08-09T00:19:53.355Z"}
{"level":"info","message":"Info message","timestamp":"2023-08-09T00:20:43.937Z"}
{"level":"error","message":"Error message","timestamp":"2023-08-09T00:20:43.941Z"}
{"level":"warn","message":"Warning message","timestamp":"2023-08-09T00:20:43.941Z"}
{"level":"info","message":"Express started on http://localhost:3000; press Ctrl-C to terminate.","timestamp":"2023-08-09T00:20:43.947Z"}
{"level":"info","message":"MongoDB connection established","timestamp":"2023-08-09T00:20:43.958Z"}
{"error":{"code":11000,"index":0,"keyPattern":{"email":1},"keyValue":{"email":"johndoe@hotmail.com"}},"level":"error","message":"Create user failed","timestamp":"2023-08-09T00:20:46.554Z"}
{"level":"error","message":"Peak not found","timestamp":"2023-08-09T00:21:06.177Z"}
{"level":"info","message":"Info message","timestamp":"2023-08-09T00:25:32.563Z"}
{"level":"error","message":"Error message","timestamp":"2023-08-09T00:25:32.565Z"}
{"level":"warn","message":"Warning message","timestamp":"2023-08-09T00:25:32.565Z"}
{"level":"info","message":"Express started on http://localhost:3000; press Ctrl-C to terminate.","timestamp":"2023-08-09T00:25:32.569Z"}
{"level":"info","message":"MongoDB connection established","timestamp":"2023-08-09T00:25:32.577Z"}
{"level":"info","message":"Create user success","timestamp":"2023-08-09T00:30:15.807Z"}
{"level":"info","message":"Info message","timestamp":"2023-08-09T00:33:08.475Z"}
{"level":"error","message":"Error message","timestamp":"2023-08-09T00:33:08.477Z"}
{"level":"warn","message":"Warning message","timestamp":"2023-08-09T00:33:08.477Z"}
{"level":"info","message":"Express started on http://localhost:3000; press Ctrl-C to terminate.","timestamp":"2023-08-09T00:33:08.482Z"}
{"level":"info","message":"MongoDB connection established","timestamp":"2023-08-09T00:33:08.492Z"}
{"level":"info","message":"Info message","timestamp":"2023-08-09T00:33:50.625Z"}
{"level":"error","message":"Error message","timestamp":"2023-08-09T00:33:50.628Z"}
{"level":"warn","message":"Warning message","timestamp":"2023-08-09T00:33:50.628Z"}
{"level":"info","message":"Express started on http://localhost:3000; press Ctrl-C to terminate.","timestamp":"2023-08-09T00:33:50.632Z"}
{"level":"info","message":"MongoDB connection established","timestamp":"2023-08-09T00:33:50.639Z"}
{"level":"http","message":"GET /api/peaks 304 - - 17.029 ms","timestamp":"2023-08-09T00:33:55.006Z"}
{"level":"info","message":"Peak found is {\"_id\":\"64bbe7fe820a75f2b655dd4b\",\"rank\":1,\"name\":\"Mount Elbert\",\"range\":\"Sawatch Range\",\"elevation\":14440,\"latitude\":\"39.1178\",\"longitude\":\"-106.4454\",\"standard_route\":\"Northeast Ridge\",\"distance\":\"9.5\",\"gain\":4700,\"difficulty\":\"Class 1\",\"photo\":\"https://www.14ers.com/photos/mtelbert/peakphotos/large/201207_Elbert01.jpg\",\"__v\":0}","timestamp":"2023-08-09T00:34:01.869Z"}
{"level":"http","message":"GET /api/peak/1 304 - - 8.187 ms","timestamp":"2023-08-09T00:34:01.871Z"}
{"level":"http","message":"GET /api/users 304 - - 9.185 ms","timestamp":"2023-08-09T00:34:36.714Z"}
{"level":"http","message":"POST /api/updateUser 200 33 - 12.565 ms","timestamp":"2023-08-09T00:34:46.346Z"}
{"level":"http","message":"GET /api/users 304 - - 6.380 ms","timestamp":"2023-08-09T00:34:46.349Z"}
{"level":"http","message":"POST /api/updateUser 200 33 - 7.128 ms","timestamp":"2023-08-09T00:34:53.678Z"}
{"level":"http","message":"GET /api/users 304 - - 6.881 ms","timestamp":"2023-08-09T00:34:53.684Z"}
{"level":"http","message":"GET /api/users 304 - - 4.853 ms","timestamp":"2023-08-09T00:35:02.916Z"}
{"level":"info","message":"Info message","timestamp":"2023-08-09T00:36:59.935Z"}
{"level":"error","message":"Error message","timestamp":"2023-08-09T00:36:59.937Z"}
{"level":"warn","message":"Warning message","timestamp":"2023-08-09T00:36:59.938Z"}
{"level":"info","message":"Express started on http://localhost:3000; press Ctrl-C to terminate.","timestamp":"2023-08-09T00:36:59.942Z"}
{"level":"info","message":"MongoDB connection established","timestamp":"2023-08-09T00:36:59.949Z"}
{"level":"http","message":"POST /api/updateUser 200 33 - 30.192 ms","timestamp":"2023-08-09T00:37:10.353Z"}
{"level":"http","message":"GET /api/users 304 - - 32.855 ms","timestamp":"2023-08-09T00:37:10.368Z"}
{"level":"info","message":"Info message","timestamp":"2023-08-09T00:37:53.813Z"}
{"level":"error","message":"Error message","timestamp":"2023-08-09T00:37:53.815Z"}
{"level":"warn","message":"Warning message","timestamp":"2023-08-09T00:37:53.816Z"}
{"level":"info","message":"Express started on http://localhost:3000; press Ctrl-C to terminate.","timestamp":"2023-08-09T00:37:53.819Z"}
{"level":"info","message":"MongoDB connection established","timestamp":"2023-08-09T00:37:53.827Z"}
{"level":"http","message":"POST /api/updateUser 200 104 - 8.658 ms","timestamp":"2023-08-09T00:37:56.723Z"}
{"level":"http","message":"GET /api/users 304 - - 12.068 ms","timestamp":"2023-08-09T00:37:56.728Z"}
{"level":"info","message":"Info message","timestamp":"2023-08-09T00:43:59.657Z"}
{"level":"error","message":"Error message","timestamp":"2023-08-09T00:43:59.659Z"}
{"level":"warn","message":"Warning message","timestamp":"2023-08-09T00:43:59.660Z"}
{"level":"info","message":"Express started on http://localhost:3000; press Ctrl-C to terminate.","timestamp":"2023-08-09T00:43:59.663Z"}
{"level":"info","message":"MongoDB connection established","timestamp":"2023-08-09T00:43:59.671Z"}
{"level":"http","message":"POST /api/updateUser 200 104 - 12.334 ms","timestamp":"2023-08-09T00:44:06.015Z"}
{"level":"http","message":"GET /api/users 304 - - 16.631 ms","timestamp":"2023-08-09T00:44:06.024Z"}
{"level":"info","message":"Info message","timestamp":"2023-08-09T00:44:37.907Z"}
{"level":"error","message":"Error message","timestamp":"2023-08-09T00:44:37.909Z"}
{"level":"warn","message":"Warning message","timestamp":"2023-08-09T00:44:37.909Z"}
{"level":"info","message":"Express started on http://localhost:3000; press Ctrl-C to terminate.","timestamp":"2023-08-09T00:44:37.913Z"}
{"level":"info","message":"MongoDB connection established","timestamp":"2023-08-09T00:44:37.923Z"}
{"level":"http","message":"POST /api/updateUser 200 104 - 10.835 ms","timestamp":"2023-08-09T00:44:41.034Z"}
{"level":"http","message":"GET /api/users 304 - - 13.619 ms","timestamp":"2023-08-09T00:44:41.041Z"}
{"level":"http","message":"POST /api/updateUser 200 104 - 8.969 ms","timestamp":"2023-08-09T00:44:47.782Z"}
{"level":"http","message":"GET /api/users 304 - - 8.781 ms","timestamp":"2023-08-09T00:44:47.787Z"}
{"level":"info","message":"Info message","timestamp":"2023-08-09T00:45:24.303Z"}
{"level":"error","message":"Error message","timestamp":"2023-08-09T00:45:24.305Z"}
{"level":"warn","message":"Warning message","timestamp":"2023-08-09T00:45:24.305Z"}
{"level":"info","message":"Express started on http://localhost:3000; press Ctrl-C to terminate.","timestamp":"2023-08-09T00:45:24.310Z"}
{"level":"info","message":"MongoDB connection established","timestamp":"2023-08-09T00:45:24.318Z"}
{"level":"info","message":{"result":{"$useProjection":true,"_collection":{"collection":{"_closed":false,"buffer":false,"collection":{"s":{"bsonOptions":{"bsonRegExp":false,"enableUtf8Validation":true,"fieldsAsRaw":{},"ignoreUndefined":false,"promoteBuffers":false,"promoteLongs":true,"promoteValues":true,"raw":false,"serializeFunctions":false,"useBigInt64":false},"db":{"s":{"bsonOptions":{"bsonRegExp":false,"enableUtf8Validation":true,"fieldsAsRaw":{},"ignoreUndefined":false,"promoteBuffers":false,"promoteLongs":true,"promoteValues":true,"raw":false,"serializeFunctions":false,"useBigInt64":false},"client":{"_events":{},"_eventsCount":1,"_maxListeners":0,"mongoLogger":{"componentSeverities":{"command":"off","connection":"off","default":"off","serverSelection":"off","topology":"off"},"logDestination":{},"maxDocumentLength":1000},"s":{"activeSessions":{},"bsonOptions":{"bsonRegExp":false,"enableUtf8Validation":true,"fieldsAsRaw":{},"ignoreUndefined":false,"promoteBuffers":false,"promoteLongs":true,"promoteValues":true,"raw":false,"serializeFunctions":false,"useBigInt64":false},"hasBeenClosed":false,"isMongoClient":true,"namespace":{"db":"admin"},"options":{"compressors":["none"],"connectTimeoutMS":30000,"dbName":"mean-demo","directConnection":false,"driverInfo":{"name":"Mongoose","version":"7.2.2"},"enableUtf8Validation":true,"forceServerObjectId":false,"heartbeatFrequencyMS":10000,"hosts":[{"host":"127.0.0.1","isIPv6":false,"port":27017}],"keepAlive":true,"keepAliveInitialDelay":120000,"loadBalanced":false,"localThresholdMS":15,"maxConnecting":2,"maxIdleTimeMS":0,"maxPoolSize":100,"metadata":{"driver":{"name":"nodejs|Mongoose","version":"5.5.0|7.2.2"},"os":{"architecture":"x64","name":"win32","type":"Windows_NT","version":"10.0.22621"},"platform":"Node.js v18.15.0, LE"},"minHeartbeatFrequencyMS":500,"minPoolSize":0,"mongoLoggerOptions":{"componentSeverities":{"command":"off","connection":"off","default":"off","serverSelection":"off","topology":"off"},"logDestination":{},"maxDocumentLength":1000},"monitorCommands":false,"noDelay":true,"pkFactory":{},"raw":false,"readPreference":{"mode":"primary"},"retryReads":true,"retryWrites":true,"serverSelectionTimeoutMS":30000,"socketTimeoutMS":0,"srvMaxHosts":0,"srvServiceName":"mongodb","userSpecifiedAuthSource":false,"userSpecifiedReplicaSet":false,"waitQueueTimeoutMS":0,"zlibCompressionLevel":0},"readPreference":{"mode":"primary"},"sessionPool":{"client":"[Circular]","sessions":{"count":2,"head":{"next":{"next":{"next":"[Circular]","prev":"[Circular]","value":{"id":{"id":"lmuZNgSaSyeF3vSfV6Lf/g=="},"isDirty":false,"lastUse":24297015,"txnNumber":0}},"prev":"[Circular]","value":{"id":{"id":"1/nn6q5MQAy2rqENkErKow=="},"isDirty":false,"lastUse":24297019,"txnNumber":0}},"prev":{"next":"[Circular]","prev":{"next":"[Circular]","prev":"[Circular]","value":{"id":{"id":"1/nn6q5MQAy2rqENkErKow=="},"isDirty":false,"lastUse":24297019,"txnNumber":0}},"value":{"id":{"id":"lmuZNgSaSyeF3vSfV6Lf/g=="},"isDirty":false,"lastUse":24297015,"txnNumber":0}},"value":null}}},"url":"mongodb://127.0.0.1:27017/mean-demo"},"topology":{"_events":{},"_eventsCount":26,"client":"[Circular]","s":{"connectionTimers":{},"description":{"commonWireVersion":0,"compatible":true,"heartbeatFrequencyMS":10000,"localThresholdMS":15,"logicalSessionTimeoutMinutes":30,"maxElectionId":null,"maxSetVersion":null,"servers":{},"setName":null,"stale":false,"type":"Single"},"heartbeatFrequencyMS":10000,"id":0,"minHeartbeatFrequencyMS":500,"options":{"compressors":["none"],"connectTimeoutMS":30000,"dbName":"mean-demo","directConnection":false,"driverInfo":{"name":"Mongoose","version":"7.2.2"},"enableUtf8Validation":true,"forceServerObjectId":false,"heartbeatFrequencyMS":10000,"hosts":[{"host":"127.0.0.1","isIPv6":false,"port":27017}],"keepAlive":true,"keepAliveInitialDelay":120000,"loadBalanced":false,"localThresholdMS":15,"maxConnecting":2,"maxIdleTimeMS":0,"maxPoolSize":100,"metadata":{"driver":{"name":"nodejs|Mongoose","version":"5.5.0|7.2.2"},"os":{"architecture":"x64","name":"win32","type":"Windows_NT","version":"10.0.22621"},"platform":"Node.js v18.15.0, LE"},"minHeartbeatFrequencyMS":500,"minPoolSize":0,"mongoLoggerOptions":{"componentSeverities":{"command":"off","connection":"off","default":"off","serverSelection":"off","topology":"off"},"logDestination":{},"maxDocumentLength":1000},"monitorCommands":false,"noDelay":true,"pkFactory":{},"raw":false,"readPreference":{"mode":"primary"},"retryReads":true,"retryWrites":true,"serverSelectionTimeoutMS":30000,"socketTimeoutMS":0,"srvMaxHosts":0,"srvServiceName":"mongodb","userSpecifiedAuthSource":false,"userSpecifiedReplicaSet":false,"waitQueueTimeoutMS":0,"zlibCompressionLevel":0},"seedlist":[{"host":"127.0.0.1","isIPv6":false,"port":27017}],"serverSelectionTimeoutMS":30000,"servers":{},"state":"connected"}}},"namespace":{"db":"mean-demo"},"options":{"enableUtf8Validation":true,"forceServerObjectId":false,"pkFactory":{},"raw":false,"readPreference":{"mode":"primary"},"retryWrites":true},"pkFactory":{},"readPreference":{"mode":"primary"}}},"namespace":{"collection":"users","db":"mean-demo"},"options":{"bsonRegExp":false,"enableUtf8Validation":true,"fieldsAsRaw":{},"ignoreUndefined":false,"promoteBuffers":false,"promoteLongs":true,"promoteValues":true,"raw":false,"readPreference":{"mode":"primary"},"serializeFunctions":false,"useBigInt64":false},"pkFactory":{},"readPreference":{"mode":"primary"}}},"collectionName":"users","conn":{"$initialConnection":{},"_connectionOptions":{"driverInfo":{"name":"Mongoose","version":"7.2.2"}},"_connectionString":"mongodb://127.0.0.1:27017/mean-demo","_events":{},"_eventsCount":1,"_hasOpened":true,"_listening":false,"_queue":[],"_readyState":1,"base":{"STATES":{"0":"disconnected","1":"connected","2":"connecting","3":"disconnecting","99":"uninitialized","connected":1,"connecting":2,"disconnected":0,"disconnecting":3,"uninitialized":99},"SchemaTypes":{},"Types":{},"__driver":{},"connections":["[Circular]"],"default":"[Circular]","events":{"_events":{},"_eventsCount":0},"models":{},"mongo":{"AuthMechanism":{"MONGODB_AWS":"MONGODB-AWS","MONGODB_CR":"MONGODB-CR","MONGODB_DEFAULT":"DEFAULT","MONGODB_GSSAPI":"GSSAPI","MONGODB_OIDC":"MONGODB-OIDC","MONGODB_PLAIN":"PLAIN","MONGODB_SCRAM_SHA1":"SCRAM-SHA-1","MONGODB_SCRAM_SHA256":"SCRAM-SHA-256","MONGODB_X509":"MONGODB-X509"},"AutoEncryptionLoggerLevel":{"Error":1,"FatalError":0,"Info":3,"Trace":4,"Warning":2},"BSON":{"BSONType":{"array":4,"binData":5,"bool":8,"date":9,"dbPointer":12,"decimal":19,"double":1,"int":16,"javascript":13,"javascriptWithScope":15,"long":18,"maxKey":127,"minKey":-1,"null":10,"object":3,"objectId":7,"regex":11,"string":2,"symbol":14,"timestamp":17,"undefined":6},"EJSON":{}},"BSONType":{"array":4,"binData":5,"bool":8,"date":9,"dbPointer":12,"decimal":19,"double":1,"int":16,"javascript":13,"javascriptWithScope":15,"long":18,"maxKey":127,"minKey":-1,"null":10,"object":3,"objectId":7,"regex":11,"string":2,"symbol":14,"timestamp":17,"undefined":6},"BatchType":{"DELETE":3,"INSERT":1,"UPDATE":2},"CURSOR_FLAGS":["tailable","oplogReplay","noCursorTimeout","awaitData","exhaust","partial"],"Compressor":{"none":0,"snappy":1,"zlib":2,"zstd":3},"ExplainVerbosity":{"allPlansExecution":"allPlansExecution","executionStats":"executionStats","queryPlanner":"queryPlanner","queryPlannerExtended":"queryPlannerExtended"},"GSSAPICanonicalizationValue":{"forward":"forward","forwardAndReverse":"forwardAndReverse","none":"none","off":false,"on":true},"MongoErrorLabel":{"HandshakeError":"HandshakeError","InterruptInUseConnections":"InterruptInUseConnections","NoWritesPerformed":"NoWritesPerformed","ResetPool":"ResetPool","ResumableChangeStreamError":"ResumableChangeStreamError","RetryableWriteError":"RetryableWriteError","TransientTransactionError":"TransientTransactionError","UnknownTransactionCommitResult":"UnknownTransactionCommitResult"},"ProfilingLevel":{"all":"all","off":"off","slowOnly":"slow_only"},"ReadConcernLevel":{"available":"available","linearizable":"linearizable","local":"local","majority":"majority","snapshot":"snapshot"},"ReadPreferenceMode":{"nearest":"nearest","primary":"primary","primaryPreferred":"primaryPreferred","secondary":"secondary","secondaryPreferred":"secondaryPreferred"},"ReturnDocument":{"AFTER":"after","BEFORE":"before"},"ServerApiVersion":{"v1":"1"},"ServerType":{"LoadBalancer":"LoadBalancer","Mongos":"Mongos","PossiblePrimary":"PossiblePrimary","RSArbiter":"RSArbiter","RSGhost":"RSGhost","RSOther":"RSOther","RSPrimary":"RSPrimary","RSSecondary":"RSSecondary","Standalone":"Standalone","Unknown":"Unknown"},"TopologyType":{"LoadBalanced":"LoadBalanced","ReplicaSetNoPrimary":"ReplicaSetNoPrimary","ReplicaSetWithPrimary":"ReplicaSetWithPrimary","Sharded":"Sharded","Single":"Single","Unknown":"Unknown"}},"mongoose":"[Circular]","nextConnectionId":1,"options":{"autoCreate":true,"autoIndex":true,"pluralization":true},"plugins":[[null,{"deduplicate":true}],[null,{"deduplicate":true}],[null,{"deduplicate":true}],[null,{"deduplicate":true}],[null,{"deduplicate":true}]],"version":"7.2.2"},"client":{"_events":{},"_eventsCount":1,"_maxListeners":0,"mongoLogger":{"componentSeverities":{"command":"off","connection":"off","default":"off","serverSelection":"off","topology":"off"},"logDestination":{},"maxDocumentLength":1000},"s":{"activeSessions":{},"bsonOptions":{"bsonRegExp":false,"enableUtf8Validation":true,"fieldsAsRaw":{},"ignoreUndefined":false,"promoteBuffers":false,"promoteLongs":true,"promoteValues":true,"raw":false,"serializeFunctions":false,"useBigInt64":false},"hasBeenClosed":false,"isMongoClient":true,"namespace":{"db":"admin"},"options":{"compressors":["none"],"connectTimeoutMS":30000,"dbName":"mean-demo","directConnection":false,"driverInfo":{"name":"Mongoose","version":"7.2.2"},"enableUtf8Validation":true,"forceServerObjectId":false,"heartbeatFrequencyMS":10000,"hosts":[{"host":"127.0.0.1","isIPv6":false,"port":27017}],"keepAlive":true,"keepAliveInitialDelay":120000,"loadBalanced":false,"localThresholdMS":15,"maxConnecting":2,"maxIdleTimeMS":0,"maxPoolSize":100,"metadata":{"driver":{"name":"nodejs|Mongoose","version":"5.5.0|7.2.2"},"os":{"architecture":"x64","name":"win32","type":"Windows_NT","version":"10.0.22621"},"platform":"Node.js v18.15.0, LE"},"minHeartbeatFrequencyMS":500,"minPoolSize":0,"mongoLoggerOptions":{"componentSeverities":{"command":"off","connection":"off","default":"off","serverSelection":"off","topology":"off"},"logDestination":{},"maxDocumentLength":1000},"monitorCommands":false,"noDelay":true,"pkFactory":{},"raw":false,"readPreference":{"mode":"primary"},"retryReads":true,"retryWrites":true,"serverSelectionTimeoutMS":30000,"socketTimeoutMS":0,"srvMaxHosts":0,"srvServiceName":"mongodb","userSpecifiedAuthSource":false,"userSpecifiedReplicaSet":false,"waitQueueTimeoutMS":0,"zlibCompressionLevel":0},"readPreference":{"mode":"primary"},"sessionPool":{"client":"[Circular]","sessions":{"count":2,"head":{"next":{"next":{"next":"[Circular]","prev":"[Circular]","value":{"id":{"id":"lmuZNgSaSyeF3vSfV6Lf/g=="},"isDirty":false,"lastUse":24297015,"txnNumber":0}},"prev":"[Circular]","value":{"id":{"id":"1/nn6q5MQAy2rqENkErKow=="},"isDirty":false,"lastUse":24297019,"txnNumber":0}},"prev":{"next":"[Circular]","prev":{"next":"[Circular]","prev":"[Circular]","value":{"id":{"id":"1/nn6q5MQAy2rqENkErKow=="},"isDirty":false,"lastUse":24297019,"txnNumber":0}},"value":{"id":{"id":"lmuZNgSaSyeF3vSfV6Lf/g=="},"isDirty":false,"lastUse":24297015,"txnNumber":0}},"value":null}}},"url":"mongodb://127.0.0.1:27017/mean-demo"},"topology":{"_events":{},"_eventsCount":26,"client":"[Circular]","s":{"connectionTimers":{},"description":{"commonWireVersion":0,"compatible":true,"heartbeatFrequencyMS":10000,"localThresholdMS":15,"logicalSessionTimeoutMinutes":30,"maxElectionId":null,"maxSetVersion":null,"servers":{},"setName":null,"stale":false,"type":"Single"},"heartbeatFrequencyMS":10000,"id":0,"minHeartbeatFrequencyMS":500,"options":{"compressors":["none"],"connectTimeoutMS":30000,"dbName":"mean-demo","directConnection":false,"driverInfo":{"name":"Mongoose","version":"7.2.2"},"enableUtf8Validation":true,"forceServerObjectId":false,"heartbeatFrequencyMS":10000,"hosts":[{"host":"127.0.0.1","isIPv6":false,"port":27017}],"keepAlive":true,"keepAliveInitialDelay":120000,"loadBalanced":false,"localThresholdMS":15,"maxConnecting":2,"maxIdleTimeMS":0,"maxPoolSize":100,"metadata":{"driver":{"name":"nodejs|Mongoose","version":"5.5.0|7.2.2"},"os":{"architecture":"x64","name":"win32","type":"Windows_NT","version":"10.0.22621"},"platform":"Node.js v18.15.0, LE"},"minHeartbeatFrequencyMS":500,"minPoolSize":0,"mongoLoggerOptions":{"componentSeverities":{"command":"off","connection":"off","default":"off","serverSelection":"off","topology":"off"},"logDestination":{},"maxDocumentLength":1000},"monitorCommands":false,"noDelay":true,"pkFactory":{},"raw":false,"readPreference":{"mode":"primary"},"retryReads":true,"retryWrites":true,"serverSelectionTimeoutMS":30000,"socketTimeoutMS":0,"srvMaxHosts":0,"srvServiceName":"mongodb","userSpecifiedAuthSource":false,"userSpecifiedReplicaSet":false,"waitQueueTimeoutMS":0,"zlibCompressionLevel":0},"seedlist":[{"host":"127.0.0.1","isIPv6":false,"port":27017}],"serverSelectionTimeoutMS":30000,"servers":{},"state":"connected"}}},"collections":{"peaks":{"_closed":false,"buffer":false,"collection":{"s":{"bsonOptions":{"bsonRegExp":false,"enableUtf8Validation":true,"fieldsAsRaw":{},"ignoreUndefined":false,"promoteBuffers":false,"promoteLongs":true,"promoteValues":true,"raw":false,"serializeFunctions":false,"useBigInt64":false},"db":{"s":{"bsonOptions":{"bsonRegExp":false,"enableUtf8Validation":true,"fieldsAsRaw":{},"ignoreUndefined":false,"promoteBuffers":false,"promoteLongs":true,"promoteValues":true,"raw":false,"serializeFunctions":false,"useBigInt64":false},"client":{"_events":{},"_eventsCount":1,"_maxListeners":0,"mongoLogger":{"componentSeverities":{"command":"off","connection":"off","default":"off","serverSelection":"off","topology":"off"},"logDestination":{},"maxDocumentLength":1000},"s":{"activeSessions":{},"bsonOptions":{"bsonRegExp":false,"enableUtf8Validation":true,"fieldsAsRaw":{},"ignoreUndefined":false,"promoteBuffers":false,"promoteLongs":true,"promoteValues":true,"raw":false,"serializeFunctions":false,"useBigInt64":false},"hasBeenClosed":false,"isMongoClient":true,"namespace":{"db":"admin"},"options":{"compressors":["none"],"connectTimeoutMS":30000,"dbName":"mean-demo","directConnection":false,"driverInfo":{"name":"Mongoose","version":"7.2.2"},"enableUtf8Validation":true,"forceServerObjectId":false,"heartbeatFrequencyMS":10000,"hosts":[{"host":"127.0.0.1","isIPv6":false,"port":27017}],"keepAlive":true,"keepAliveInitialDelay":120000,"loadBalanced":false,"localThresholdMS":15,"maxConnecting":2,"maxIdleTimeMS":0,"maxPoolSize":100,"metadata":{"driver":{"name":"nodejs|Mongoose","version":"5.5.0|7.2.2"},"os":{"architecture":"x64","name":"win32","type":"Windows_NT","version":"10.0.22621"},"platform":"Node.js v18.15.0, LE"},"minHeartbeatFrequencyMS":500,"minPoolSize":0,"mongoLoggerOptions":{"componentSeverities":{"command":"off","connection":"off","default":"off","serverSelection":"off","topology":"off"},"logDestination":{},"maxDocumentLength":1000},"monitorCommands":false,"noDelay":true,"pkFactory":{},"raw":false,"readPreference":{"mode":"primary"},"retryReads":true,"retryWrites":true,"serverSelectionTimeoutMS":30000,"socketTimeoutMS":0,"srvMaxHosts":0,"srvServiceName":"mongodb","userSpecifiedAuthSource":false,"userSpecifiedReplicaSet":false,"waitQueueTimeoutMS":0,"zlibCompressionLevel":0},"readPreference":{"mode":"primary"},"sessionPool":{"client":"[Circular]","sessions":{"count":2,"head":{"next":{"next":{"next":"[Circular]","prev":"[Circular]","value":{"id":{"id":"lmuZNgSaSyeF3vSfV6Lf/g=="},"isDirty":false,"lastUse":24297015,"txnNumber":0}},"prev":"[Circular]","value":{"id":{"id":"1/nn6q5MQAy2rqENkErKow=="},"isDirty":false,"lastUse":24297019,"txnNumber":0}},"prev":{"next":"[Circular]","prev":{"next":"[Circular]","prev":"[Circular]","value":{"id":{"id":"1/nn6q5MQAy2rqENkErKow=="},"isDirty":false,"lastUse":24297019,"txnNumber":0}},"value":{"id":{"id":"lmuZNgSaSyeF3vSfV6Lf/g=="},"isDirty":false,"lastUse":24297015,"txnNumber":0}},"value":null}}},"url":"mongodb://127.0.0.1:27017/mean-demo"},"topology":{"_events":{},"_eventsCount":26,"client":"[Circular]","s":{"connectionTimers":{},"description":{"commonWireVersion":0,"compatible":true,"heartbeatFrequencyMS":10000,"localThresholdMS":15,"logicalSessionTimeoutMinutes":30,"maxElectionId":null,"maxSetVersion":null,"servers":{},"setName":null,"stale":false,"type":"Single"},"heartbeatFrequencyMS":10000,"id":0,"minHeartbeatFrequencyMS":500,"options":{"compressors":["none"],"connectTimeoutMS":30000,"dbName":"mean-demo","directConnection":false,"driverInfo":{"name":"Mongoose","version":"7.2.2"},"enableUtf8Validation":true,"forceServerObjectId":false,"heartbeatFrequencyMS":10000,"hosts":[{"host":"127.0.0.1","isIPv6":false,"port":27017}],"keepAlive":true,"keepAliveInitialDelay":120000,"loadBalanced":false,"localThresholdMS":15,"maxConnecting":2,"maxIdleTimeMS":0,"maxPoolSize":100,"metadata":{"driver":{"name":"nodejs|Mongoose","version":"5.5.0|7.2.2"},"os":{"architecture":"x64","name":"win32","type":"Windows_NT","version":"10.0.22621"},"platform":"Node.js v18.15.0, LE"},"minHeartbeatFrequencyMS":500,"minPoolSize":0,"mongoLoggerOptions":{"componentSeverities":{"command":"off","connection":"off","default":"off","serverSelection":"off","topology":"off"},"logDestination":{},"maxDocumentLength":1000},"monitorCommands":false,"noDelay":true,"pkFactory":{},"raw":false,"readPreference":{"mode":"primary"},"retryReads":true,"retryWrites":true,"serverSelectionTimeoutMS":30000,"socketTimeoutMS":0,"srvMaxHosts":0,"srvServiceName":"mongodb","userSpecifiedAuthSource":false,"userSpecifiedReplicaSet":false,"waitQueueTimeoutMS":0,"zlibCompressionLevel":0},"seedlist":[{"host":"127.0.0.1","isIPv6":false,"port":27017}],"serverSelectionTimeoutMS":30000,"servers":{},"state":"connected"}}},"namespace":{"db":"mean-demo"},"options":{"enableUtf8Validation":true,"forceServerObjectId":false,"pkFactory":{},"raw":false,"readPreference":{"mode":"primary"},"retryWrites":true},"pkFactory":{},"readPreference":{"mode":"primary"}}},"namespace":{"collection":"peaks","db":"mean-demo"},"options":{"bsonRegExp":false,"enableUtf8Validation":true,"fieldsAsRaw":{},"ignoreUndefined":false,"promoteBuffers":false,"promoteLongs":true,"promoteValues":true,"raw":false,"readPreference":{"mode":"primary"},"serializeFunctions":false,"useBigInt64":false},"pkFactory":{},"readPreference":{"mode":"primary"}}},"collectionName":"peaks","conn":"[Circular]","emitter":{"_events":{},"_eventsCount":0},"modelName":"Peak","name":"peaks","opts":{"autoCreate":true,"autoIndex":true,"capped":false,"schemaUserProvidedOptions":{}},"queue":[]},"users":"[Circular]"},"config":{},"db":{"s":{"bsonOptions":{"bsonRegExp":false,"enableUtf8Validation":true,"fieldsAsRaw":{},"ignoreUndefined":false,"promoteBuffers":false,"promoteLongs":true,"promoteValues":true,"raw":false,"serializeFunctions":false,"useBigInt64":false},"client":{"_events":{},"_eventsCount":1,"_maxListeners":0,"mongoLogger":{"componentSeverities":{"command":"off","connection":"off","default":"off","serverSelection":"off","topology":"off"},"logDestination":{},"maxDocumentLength":1000},"s":{"activeSessions":{},"bsonOptions":{"bsonRegExp":false,"enableUtf8Validation":true,"fieldsAsRaw":{},"ignoreUndefined":false,"promoteBuffers":false,"promoteLongs":true,"promoteValues":true,"raw":false,"serializeFunctions":false,"useBigInt64":false},"hasBeenClosed":false,"isMongoClient":true,"namespace":{"db":"admin"},"options":{"compressors":["none"],"connectTimeoutMS":30000,"dbName":"mean-demo","directConnection":false,"driverInfo":{"name":"Mongoose","version":"7.2.2"},"enableUtf8Validation":true,"forceServerObjectId":false,"heartbeatFrequencyMS":10000,"hosts":[{"host":"127.0.0.1","isIPv6":false,"port":27017}],"keepAlive":true,"keepAliveInitialDelay":120000,"loadBalanced":false,"localThresholdMS":15,"maxConnecting":2,"maxIdleTimeMS":0,"maxPoolSize":100,"metadata":{"driver":{"name":"nodejs|Mongoose","version":"5.5.0|7.2.2"},"os":{"architecture":"x64","name":"win32","type":"Windows_NT","version":"10.0.22621"},"platform":"Node.js v18.15.0, LE"},"minHeartbeatFrequencyMS":500,"minPoolSize":0,"mongoLoggerOptions":{"componentSeverities":{"command":"off","connection":"off","default":"off","serverSelection":"off","topology":"off"},"logDestination":{},"maxDocumentLength":1000},"monitorCommands":false,"noDelay":true,"pkFactory":{},"raw":false,"readPreference":{"mode":"primary"},"retryReads":true,"retryWrites":true,"serverSelectionTimeoutMS":30000,"socketTimeoutMS":0,"srvMaxHosts":0,"srvServiceName":"mongodb","userSpecifiedAuthSource":false,"userSpecifiedReplicaSet":false,"waitQueueTimeoutMS":0,"zlibCompressionLevel":0},"readPreference":{"mode":"primary"},"sessionPool":{"client":"[Circular]","sessions":{"count":2,"head":{"next":{"next":{"next":"[Circular]","prev":"[Circular]","value":{"id":{"id":"lmuZNgSaSyeF3vSfV6Lf/g=="},"isDirty":false,"lastUse":24297015,"txnNumber":0}},"prev":"[Circular]","value":{"id":{"id":"1/nn6q5MQAy2rqENkErKow=="},"isDirty":false,"lastUse":24297019,"txnNumber":0}},"prev":{"next":"[Circular]","prev":{"next":"[Circular]","prev":"[Circular]","value":{"id":{"id":"1/nn6q5MQAy2rqENkErKow=="},"isDirty":false,"lastUse":24297019,"txnNumber":0}},"value":{"id":{"id":"lmuZNgSaSyeF3vSfV6Lf/g=="},"isDirty":false,"lastUse":24297015,"txnNumber":0}},"value":null}}},"url":"mongodb://127.0.0.1:27017/mean-demo"},"topology":{"_events":{},"_eventsCount":26,"client":"[Circular]","s":{"connectionTimers":{},"description":{"commonWireVersion":0,"compatible":true,"heartbeatFrequencyMS":10000,"localThresholdMS":15,"logicalSessionTimeoutMinutes":30,"maxElectionId":null,"maxSetVersion":null,"servers":{},"setName":null,"stale":false,"type":"Single"},"heartbeatFrequencyMS":10000,"id":0,"minHeartbeatFrequencyMS":500,"options":{"compressors":["none"],"connectTimeoutMS":30000,"dbName":"mean-demo","directConnection":false,"driverInfo":{"name":"Mongoose","version":"7.2.2"},"enableUtf8Validation":true,"forceServerObjectId":false,"heartbeatFrequencyMS":10000,"hosts":[{"host":"127.0.0.1","isIPv6":false,"port":27017}],"keepAlive":true,"keepAliveInitialDelay":120000,"loadBalanced":false,"localThresholdMS":15,"maxConnecting":2,"maxIdleTimeMS":0,"maxPoolSize":100,"metadata":{"driver":{"name":"nodejs|Mongoose","version":"5.5.0|7.2.2"},"os":{"architecture":"x64","name":"win32","type":"Windows_NT","version":"10.0.22621"},"platform":"Node.js v18.15.0, LE"},"minHeartbeatFrequencyMS":500,"minPoolSize":0,"mongoLoggerOptions":{"componentSeverities":{"command":"off","connection":"off","default":"off","serverSelection":"off","topology":"off"},"logDestination":{},"maxDocumentLength":1000},"monitorCommands":false,"noDelay":true,"pkFactory":{},"raw":false,"readPreference":{"mode":"primary"},"retryReads":true,"retryWrites":true,"serverSelectionTimeoutMS":30000,"socketTimeoutMS":0,"srvMaxHosts":0,"srvServiceName":"mongodb","userSpecifiedAuthSource":false,"userSpecifiedReplicaSet":false,"waitQueueTimeoutMS":0,"zlibCompressionLevel":0},"seedlist":[{"host":"127.0.0.1","isIPv6":false,"port":27017}],"serverSelectionTimeoutMS":30000,"servers":{},"state":"connected"}}},"namespace":{"db":"mean-demo"},"options":{"enableUtf8Validation":true,"forceServerObjectId":false,"pkFactory":{},"raw":false,"readPreference":{"mode":"primary"},"retryWrites":true},"pkFactory":{},"readPreference":{"mode":"primary"}}},"host":"127.0.0.1","id":0,"models":{},"name":"mean-demo","options":null,"otherDbs":[],"plugins":[],"port":27017,"relatedDbs":{},"replica":false,"states":{"0":"disconnected","1":"connected","2":"connecting","3":"disconnecting","99":"uninitialized","connected":1,"connecting":2,"disconnected":0,"disconnecting":3,"uninitialized":99}},"emitter":{"_events":{},"_eventsCount":0},"modelName":"User","name":"users","opts":{"autoCreate":true,"autoIndex":true,"capped":false,"schemaUserProvidedOptions":{}},"queue":[]},"collectionName":"users"},"_conditions":{"email":"jf@hotmail.com"},"_executionStack":null,"_hooks":{"_posts":{},"_pres":{}},"_mongooseOptions":{},"_transforms":[],"_update":{"email":"jf@hotmail.com","firstName":"j","lastName":"f"},"mongooseCollection":{"_closed":false,"buffer":false,"collection":{"s":{"bsonOptions":{"bsonRegExp":false,"enableUtf8Validation":true,"fieldsAsRaw":{},"ignoreUndefined":false,"promoteBuffers":false,"promoteLongs":true,"promoteValues":true,"raw":false,"serializeFunctions":false,"useBigInt64":false},"db":{"s":{"bsonOptions":{"bsonRegExp":false,"enableUtf8Validation":true,"fieldsAsRaw":{},"ignoreUndefined":false,"promoteBuffers":false,"promoteLongs":true,"promoteValues":true,"raw":false,"serializeFunctions":false,"useBigInt64":false},"client":{"_events":{},"_eventsCount":1,"_maxListeners":0,"mongoLogger":{"componentSeverities":{"command":"off","connection":"off","default":"off","serverSelection":"off","topology":"off"},"logDestination":{},"maxDocumentLength":1000},"s":{"activeSessions":{},"bsonOptions":{"bsonRegExp":false,"enableUtf8Validation":true,"fieldsAsRaw":{},"ignoreUndefined":false,"promoteBuffers":false,"promoteLongs":true,"promoteValues":true,"raw":false,"serializeFunctions":false,"useBigInt64":false},"hasBeenClosed":false,"isMongoClient":true,"namespace":{"db":"admin"},"options":{"compressors":["none"],"connectTimeoutMS":30000,"dbName":"mean-demo","directConnection":false,"driverInfo":{"name":"Mongoose","version":"7.2.2"},"enableUtf8Validation":true,"forceServerObjectId":false,"heartbeatFrequencyMS":10000,"hosts":[{"host":"127.0.0.1","isIPv6":false,"port":27017}],"keepAlive":true,"keepAliveInitialDelay":120000,"loadBalanced":false,"localThresholdMS":15,"maxConnecting":2,"maxIdleTimeMS":0,"maxPoolSize":100,"metadata":{"driver":{"name":"nodejs|Mongoose","version":"5.5.0|7.2.2"},"os":{"architecture":"x64","name":"win32","type":"Windows_NT","version":"10.0.22621"},"platform":"Node.js v18.15.0, LE"},"minHeartbeatFrequencyMS":500,"minPoolSize":0,"mongoLoggerOptions":{"componentSeverities":{"command":"off","connection":"off","default":"off","serverSelection":"off","topology":"off"},"logDestination":{},"maxDocumentLength":1000},"monitorCommands":false,"noDelay":true,"pkFactory":{},"raw":false,"readPreference":{"mode":"primary"},"retryReads":true,"retryWrites":true,"serverSelectionTimeoutMS":30000,"socketTimeoutMS":0,"srvMaxHosts":0,"srvServiceName":"mongodb","userSpecifiedAuthSource":false,"userSpecifiedReplicaSet":false,"waitQueueTimeoutMS":0,"zlibCompressionLevel":0},"readPreference":{"mode":"primary"},"sessionPool":{"client":"[Circular]","sessions":{"count":2,"head":{"next":{"next":{"next":"[Circular]","prev":"[Circular]","value":{"id":{"id":"lmuZNgSaSyeF3vSfV6Lf/g=="},"isDirty":false,"lastUse":24297015,"txnNumber":0}},"prev":"[Circular]","value":{"id":{"id":"1/nn6q5MQAy2rqENkErKow=="},"isDirty":false,"lastUse":24297019,"txnNumber":0}},"prev":{"next":"[Circular]","prev":{"next":"[Circular]","prev":"[Circular]","value":{"id":{"id":"1/nn6q5MQAy2rqENkErKow=="},"isDirty":false,"lastUse":24297019,"txnNumber":0}},"value":{"id":{"id":"lmuZNgSaSyeF3vSfV6Lf/g=="},"isDirty":false,"lastUse":24297015,"txnNumber":0}},"value":null}}},"url":"mongodb://127.0.0.1:27017/mean-demo"},"topology":{"_events":{},"_eventsCount":26,"client":"[Circular]","s":{"connectionTimers":{},"description":{"commonWireVersion":0,"compatible":true,"heartbeatFrequencyMS":10000,"localThresholdMS":15,"logicalSessionTimeoutMinutes":30,"maxElectionId":null,"maxSetVersion":null,"servers":{},"setName":null,"stale":false,"type":"Single"},"heartbeatFrequencyMS":10000,"id":0,"minHeartbeatFrequencyMS":500,"options":{"compressors":["none"],"connectTimeoutMS":30000,"dbName":"mean-demo","directConnection":false,"driverInfo":{"name":"Mongoose","version":"7.2.2"},"enableUtf8Validation":true,"forceServerObjectId":false,"heartbeatFrequencyMS":10000,"hosts":[{"host":"127.0.0.1","isIPv6":false,"port":27017}],"keepAlive":true,"keepAliveInitialDelay":120000,"loadBalanced":false,"localThresholdMS":15,"maxConnecting":2,"maxIdleTimeMS":0,"maxPoolSize":100,"metadata":{"driver":{"name":"nodejs|Mongoose","version":"5.5.0|7.2.2"},"os":{"architecture":"x64","name":"win32","type":"Windows_NT","version":"10.0.22621"},"platform":"Node.js v18.15.0, LE"},"minHeartbeatFrequencyMS":500,"minPoolSize":0,"mongoLoggerOptions":{"componentSeverities":{"command":"off","connection":"off","default":"off","serverSelection":"off","topology":"off"},"logDestination":{},"maxDocumentLength":1000},"monitorCommands":false,"noDelay":true,"pkFactory":{},"raw":false,"readPreference":{"mode":"primary"},"retryReads":true,"retryWrites":true,"serverSelectionTimeoutMS":30000,"socketTimeoutMS":0,"srvMaxHosts":0,"srvServiceName":"mongodb","userSpecifiedAuthSource":false,"userSpecifiedReplicaSet":false,"waitQueueTimeoutMS":0,"zlibCompressionLevel":0},"seedlist":[{"host":"127.0.0.1","isIPv6":false,"port":27017}],"serverSelectionTimeoutMS":30000,"servers":{},"state":"connected"}}},"namespace":{"db":"mean-demo"},"options":{"enableUtf8Validation":true,"forceServerObjectId":false,"pkFactory":{},"raw":false,"readPreference":{"mode":"primary"},"retryWrites":true},"pkFactory":{},"readPreference":{"mode":"primary"}}},"namespace":{"collection":"users","db":"mean-demo"},"options":{"bsonRegExp":false,"enableUtf8Validation":true,"fieldsAsRaw":{},"ignoreUndefined":false,"promoteBuffers":false,"promoteLongs":true,"promoteValues":true,"raw":false,"readPreference":{"mode":"primary"},"serializeFunctions":false,"useBigInt64":false},"pkFactory":{},"readPreference":{"mode":"primary"}}},"collectionName":"users","conn":{"$initialConnection":{},"_connectionOptions":{"driverInfo":{"name":"Mongoose","version":"7.2.2"}},"_connectionString":"mongodb://127.0.0.1:27017/mean-demo","_events":{},"_eventsCount":1,"_hasOpened":true,"_listening":false,"_queue":[],"_readyState":1,"base":{"STATES":{"0":"disconnected","1":"connected","2":"connecting","3":"disconnecting","99":"uninitialized","connected":1,"connecting":2,"disconnected":0,"disconnecting":3,"uninitialized":99},"SchemaTypes":{},"Types":{},"__driver":{},"connections":["[Circular]"],"default":"[Circular]","events":{"_events":{},"_eventsCount":0},"models":{},"mongo":{"AuthMechanism":{"MONGODB_AWS":"MONGODB-AWS","MONGODB_CR":"MONGODB-CR","MONGODB_DEFAULT":"DEFAULT","MONGODB_GSSAPI":"GSSAPI","MONGODB_OIDC":"MONGODB-OIDC","MONGODB_PLAIN":"PLAIN","MONGODB_SCRAM_SHA1":"SCRAM-SHA-1","MONGODB_SCRAM_SHA256":"SCRAM-SHA-256","MONGODB_X509":"MONGODB-X509"},"AutoEncryptionLoggerLevel":{"Error":1,"FatalError":0,"Info":3,"Trace":4,"Warning":2},"BSON":{"BSONType":{"array":4,"binData":5,"bool":8,"date":9,"dbPointer":12,"decimal":19,"double":1,"int":16,"javascript":13,"javascriptWithScope":15,"long":18,"maxKey":127,"minKey":-1,"null":10,"object":3,"objectId":7,"regex":11,"string":2,"symbol":14,"timestamp":17,"undefined":6},"EJSON":{}},"BSONType":{"array":4,"binData":5,"bool":8,"date":9,"dbPointer":12,"decimal":19,"double":1,"int":16,"javascript":13,"javascriptWithScope":15,"long":18,"maxKey":127,"minKey":-1,"null":10,"object":3,"objectId":7,"regex":11,"string":2,"symbol":14,"timestamp":17,"undefined":6},"BatchType":{"DELETE":3,"INSERT":1,"UPDATE":2},"CURSOR_FLAGS":["tailable","oplogReplay","noCursorTimeout","awaitData","exhaust","partial"],"Compressor":{"none":0,"snappy":1,"zlib":2,"zstd":3},"ExplainVerbosity":{"allPlansExecution":"allPlansExecution","executionStats":"executionStats","queryPlanner":"queryPlanner","queryPlannerExtended":"queryPlannerExtended"},"GSSAPICanonicalizationValue":{"forward":"forward","forwardAndReverse":"forwardAndReverse","none":"none","off":false,"on":true},"MongoErrorLabel":{"HandshakeError":"HandshakeError","InterruptInUseConnections":"InterruptInUseConnections","NoWritesPerformed":"NoWritesPerformed","ResetPool":"ResetPool","ResumableChangeStreamError":"ResumableChangeStreamError","RetryableWriteError":"RetryableWriteError","TransientTransactionError":"TransientTransactionError","UnknownTransactionCommitResult":"UnknownTransactionCommitResult"},"ProfilingLevel":{"all":"all","off":"off","slowOnly":"slow_only"},"ReadConcernLevel":{"available":"available","linearizable":"linearizable","local":"local","majority":"majority","snapshot":"snapshot"},"ReadPreferenceMode":{"nearest":"nearest","primary":"primary","primaryPreferred":"primaryPreferred","secondary":"secondary","secondaryPreferred":"secondaryPreferred"},"ReturnDocument":{"AFTER":"after","BEFORE":"before"},"ServerApiVersion":{"v1":"1"},"ServerType":{"LoadBalancer":"LoadBalancer","Mongos":"Mongos","PossiblePrimary":"PossiblePrimary","RSArbiter":"RSArbiter","RSGhost":"RSGhost","RSOther":"RSOther","RSPrimary":"RSPrimary","RSSecondary":"RSSecondary","Standalone":"Standalone","Unknown":"Unknown"},"TopologyType":{"LoadBalanced":"LoadBalanced","ReplicaSetNoPrimary":"ReplicaSetNoPrimary","ReplicaSetWithPrimary":"ReplicaSetWithPrimary","Sharded":"Sharded","Single":"Single","Unknown":"Unknown"}},"mongoose":"[Circular]","nextConnectionId":1,"options":{"autoCreate":true,"autoIndex":true,"pluralization":true},"plugins":[[null,{"deduplicate":true}],[null,{"deduplicate":true}],[null,{"deduplicate":true}],[null,{"deduplicate":true}],[null,{"deduplicate":true}]],"version":"7.2.2"},"client":{"_events":{},"_eventsCount":1,"_maxListeners":0,"mongoLogger":{"componentSeverities":{"command":"off","connection":"off","default":"off","serverSelection":"off","topology":"off"},"logDestination":{},"maxDocumentLength":1000},"s":{"activeSessions":{},"bsonOptions":{"bsonRegExp":false,"enableUtf8Validation":true,"fieldsAsRaw":{},"ignoreUndefined":false,"promoteBuffers":false,"promoteLongs":true,"promoteValues":true,"raw":false,"serializeFunctions":false,"useBigInt64":false},"hasBeenClosed":false,"isMongoClient":true,"namespace":{"db":"admin"},"options":{"compressors":["none"],"connectTimeoutMS":30000,"dbName":"mean-demo","directConnection":false,"driverInfo":{"name":"Mongoose","version":"7.2.2"},"enableUtf8Validation":true,"forceServerObjectId":false,"heartbeatFrequencyMS":10000,"hosts":[{"host":"127.0.0.1","isIPv6":false,"port":27017}],"keepAlive":true,"keepAliveInitialDelay":120000,"loadBalanced":false,"localThresholdMS":15,"maxConnecting":2,"maxIdleTimeMS":0,"maxPoolSize":100,"metadata":{"driver":{"name":"nodejs|Mongoose","version":"5.5.0|7.2.2"},"os":{"architecture":"x64","name":"win32","type":"Windows_NT","version":"10.0.22621"},"platform":"Node.js v18.15.0, LE"},"minHeartbeatFrequencyMS":500,"minPoolSize":0,"mongoLoggerOptions":{"componentSeverities":{"command":"off","connection":"off","default":"off","serverSelection":"off","topology":"off"},"logDestination":{},"maxDocumentLength":1000},"monitorCommands":false,"noDelay":true,"pkFactory":{},"raw":false,"readPreference":{"mode":"primary"},"retryReads":true,"retryWrites":true,"serverSelectionTimeoutMS":30000,"socketTimeoutMS":0,"srvMaxHosts":0,"srvServiceName":"mongodb","userSpecifiedAuthSource":false,"userSpecifiedReplicaSet":false,"waitQueueTimeoutMS":0,"zlibCompressionLevel":0},"readPreference":{"mode":"primary"},"sessionPool":{"client":"[Circular]","sessions":{"count":2,"head":{"next":{"next":{"next":"[Circular]","prev":"[Circular]","value":{"id":{"id":"lmuZNgSaSyeF3vSfV6Lf/g=="},"isDirty":false,"lastUse":24297015,"txnNumber":0}},"prev":"[Circular]","value":{"id":{"id":"1/nn6q5MQAy2rqENkErKow=="},"isDirty":false,"lastUse":24297019,"txnNumber":0}},"prev":{"next":"[Circular]","prev":{"next":"[Circular]","prev":"[Circular]","value":{"id":{"id":"1/nn6q5MQAy2rqENkErKow=="},"isDirty":false,"lastUse":24297019,"txnNumber":0}},"value":{"id":{"id":"lmuZNgSaSyeF3vSfV6Lf/g=="},"isDirty":false,"lastUse":24297015,"txnNumber":0}},"value":null}}},"url":"mongodb://127.0.0.1:27017/mean-demo"},"topology":{"_events":{},"_eventsCount":26,"client":"[Circular]","s":{"connectionTimers":{},"description":{"commonWireVersion":0,"compatible":true,"heartbeatFrequencyMS":10000,"localThresholdMS":15,"logicalSessionTimeoutMinutes":30,"maxElectionId":null,"maxSetVersion":null,"servers":{},"setName":null,"stale":false,"type":"Single"},"heartbeatFrequencyMS":10000,"id":0,"minHeartbeatFrequencyMS":500,"options":{"compressors":["none"],"connectTimeoutMS":30000,"dbName":"mean-demo","directConnection":false,"driverInfo":{"name":"Mongoose","version":"7.2.2"},"enableUtf8Validation":true,"forceServerObjectId":false,"heartbeatFrequencyMS":10000,"hosts":[{"host":"127.0.0.1","isIPv6":false,"port":27017}],"keepAlive":true,"keepAliveInitialDelay":120000,"loadBalanced":false,"localThresholdMS":15,"maxConnecting":2,"maxIdleTimeMS":0,"maxPoolSize":100,"metadata":{"driver":{"name":"nodejs|Mongoose","version":"5.5.0|7.2.2"},"os":{"architecture":"x64","name":"win32","type":"Windows_NT","version":"10.0.22621"},"platform":"Node.js v18.15.0, LE"},"minHeartbeatFrequencyMS":500,"minPoolSize":0,"mongoLoggerOptions":{"componentSeverities":{"command":"off","connection":"off","default":"off","serverSelection":"off","topology":"off"},"logDestination":{},"maxDocumentLength":1000},"monitorCommands":false,"noDelay":true,"pkFactory":{},"raw":false,"readPreference":{"mode":"primary"},"retryReads":true,"retryWrites":true,"serverSelectionTimeoutMS":30000,"socketTimeoutMS":0,"srvMaxHosts":0,"srvServiceName":"mongodb","userSpecifiedAuthSource":false,"userSpecifiedReplicaSet":false,"waitQueueTimeoutMS":0,"zlibCompressionLevel":0},"seedlist":[{"host":"127.0.0.1","isIPv6":false,"port":27017}],"serverSelectionTimeoutMS":30000,"servers":{},"state":"connected"}}},"collections":{"peaks":{"_closed":false,"buffer":false,"collection":{"s":{"bsonOptions":{"bsonRegExp":false,"enableUtf8Validation":true,"fieldsAsRaw":{},"ignoreUndefined":false,"promoteBuffers":false,"promoteLongs":true,"promoteValues":true,"raw":false,"serializeFunctions":false,"useBigInt64":false},"db":{"s":{"bsonOptions":{"bsonRegExp":false,"enableUtf8Validation":true,"fieldsAsRaw":{},"ignoreUndefined":false,"promoteBuffers":false,"promoteLongs":true,"promoteValues":true,"raw":false,"serializeFunctions":false,"useBigInt64":false},"client":{"_events":{},"_eventsCount":1,"_maxListeners":0,"mongoLogger":{"componentSeverities":{"command":"off","connection":"off","default":"off","serverSelection":"off","topology":"off"},"logDestination":{},"maxDocumentLength":1000},"s":{"activeSessions":{},"bsonOptions":{"bsonRegExp":false,"enableUtf8Validation":true,"fieldsAsRaw":{},"ignoreUndefined":false,"promoteBuffers":false,"promoteLongs":true,"promoteValues":true,"raw":false,"serializeFunctions":false,"useBigInt64":false},"hasBeenClosed":false,"isMongoClient":true,"namespace":{"db":"admin"},"options":{"compressors":["none"],"connectTimeoutMS":30000,"dbName":"mean-demo","directConnection":false,"driverInfo":{"name":"Mongoose","version":"7.2.2"},"enableUtf8Validation":true,"forceServerObjectId":false,"heartbeatFrequencyMS":10000,"hosts":[{"host":"127.0.0.1","isIPv6":false,"port":27017}],"keepAlive":true,"keepAliveInitialDelay":120000,"loadBalanced":false,"localThresholdMS":15,"maxConnecting":2,"maxIdleTimeMS":0,"maxPoolSize":100,"metadata":{"driver":{"name":"nodejs|Mongoose","version":"5.5.0|7.2.2"},"os":{"architecture":"x64","name":"win32","type":"Windows_NT","version":"10.0.22621"},"platform":"Node.js v18.15.0, LE"},"minHeartbeatFrequencyMS":500,"minPoolSize":0,"mongoLoggerOptions":{"componentSeverities":{"command":"off","connection":"off","default":"off","serverSelection":"off","topology":"off"},"logDestination":{},"maxDocumentLength":1000},"monitorCommands":false,"noDelay":true,"pkFactory":{},"raw":false,"readPreference":{"mode":"primary"},"retryReads":true,"retryWrites":true,"serverSelectionTimeoutMS":30000,"socketTimeoutMS":0,"srvMaxHosts":0,"srvServiceName":"mongodb","userSpecifiedAuthSource":false,"userSpecifiedReplicaSet":false,"waitQueueTimeoutMS":0,"zlibCompressionLevel":0},"readPreference":{"mode":"primary"},"sessionPool":{"client":"[Circular]","sessions":{"count":2,"head":{"next":{"next":{"next":"[Circular]","prev":"[Circular]","value":{"id":{"id":"lmuZNgSaSyeF3vSfV6Lf/g=="},"isDirty":false,"lastUse":24297015,"txnNumber":0}},"prev":"[Circular]","value":{"id":{"id":"1/nn6q5MQAy2rqENkErKow=="},"isDirty":false,"lastUse":24297019,"txnNumber":0}},"prev":{"next":"[Circular]","prev":{"next":"[Circular]","prev":"[Circular]","value":{"id":{"id":"1/nn6q5MQAy2rqENkErKow=="},"isDirty":false,"lastUse":24297019,"txnNumber":0}},"value":{"id":{"id":"lmuZNgSaSyeF3vSfV6Lf/g=="},"isDirty":false,"lastUse":24297015,"txnNumber":0}},"value":null}}},"url":"mongodb://127.0.0.1:27017/mean-demo"},"topology":{"_events":{},"_eventsCount":26,"client":"[Circular]","s":{"connectionTimers":{},"description":{"commonWireVersion":0,"compatible":true,"heartbeatFrequencyMS":10000,"localThresholdMS":15,"logicalSessionTimeoutMinutes":30,"maxElectionId":null,"maxSetVersion":null,"servers":{},"setName":null,"stale":false,"type":"Single"},"heartbeatFrequencyMS":10000,"id":0,"minHeartbeatFrequencyMS":500,"options":{"compressors":["none"],"connectTimeoutMS":30000,"dbName":"mean-demo","directConnection":false,"driverInfo":{"name":"Mongoose","version":"7.2.2"},"enableUtf8Validation":true,"forceServerObjectId":false,"heartbeatFrequencyMS":10000,"hosts":[{"host":"127.0.0.1","isIPv6":false,"port":27017}],"keepAlive":true,"keepAliveInitialDelay":120000,"loadBalanced":false,"localThresholdMS":15,"maxConnecting":2,"maxIdleTimeMS":0,"maxPoolSize":100,"metadata":{"driver":{"name":"nodejs|Mongoose","version":"5.5.0|7.2.2"},"os":{"architecture":"x64","name":"win32","type":"Windows_NT","version":"10.0.22621"},"platform":"Node.js v18.15.0, LE"},"minHeartbeatFrequencyMS":500,"minPoolSize":0,"mongoLoggerOptions":{"componentSeverities":{"command":"off","connection":"off","default":"off","serverSelection":"off","topology":"off"},"logDestination":{},"maxDocumentLength":1000},"monitorCommands":false,"noDelay":true,"pkFactory":{},"raw":false,"readPreference":{"mode":"primary"},"retryReads":true,"retryWrites":true,"serverSelectionTimeoutMS":30000,"socketTimeoutMS":0,"srvMaxHosts":0,"srvServiceName":"mongodb","userSpecifiedAuthSource":false,"userSpecifiedReplicaSet":false,"waitQueueTimeoutMS":0,"zlibCompressionLevel":0},"seedlist":[{"host":"127.0.0.1","isIPv6":false,"port":27017}],"serverSelectionTimeoutMS":30000,"servers":{},"state":"connected"}}},"namespace":{"db":"mean-demo"},"options":{"enableUtf8Validation":true,"forceServerObjectId":false,"pkFactory":{},"raw":false,"readPreference":{"mode":"primary"},"retryWrites":true},"pkFactory":{},"readPreference":{"mode":"primary"}}},"namespace":{"collection":"peaks","db":"mean-demo"},"options":{"bsonRegExp":false,"enableUtf8Validation":true,"fieldsAsRaw":{},"ignoreUndefined":false,"promoteBuffers":false,"promoteLongs":true,"promoteValues":true,"raw":false,"readPreference":{"mode":"primary"},"serializeFunctions":false,"useBigInt64":false},"pkFactory":{},"readPreference":{"mode":"primary"}}},"collectionName":"peaks","conn":"[Circular]","emitter":{"_events":{},"_eventsCount":0},"modelName":"Peak","name":"peaks","opts":{"autoCreate":true,"autoIndex":true,"capped":false,"schemaUserProvidedOptions":{}},"queue":[]},"users":"[Circular]"},"config":{},"db":{"s":{"bsonOptions":{"bsonRegExp":false,"enableUtf8Validation":true,"fieldsAsRaw":{},"ignoreUndefined":false,"promoteBuffers":false,"promoteLongs":true,"promoteValues":true,"raw":false,"serializeFunctions":false,"useBigInt64":false},"client":{"_events":{},"_eventsCount":1,"_maxListeners":0,"mongoLogger":{"componentSeverities":{"command":"off","connection":"off","default":"off","serverSelection":"off","topology":"off"},"logDestination":{},"maxDocumentLength":1000},"s":{"activeSessions":{},"bsonOptions":{"bsonRegExp":false,"enableUtf8Validation":true,"fieldsAsRaw":{},"ignoreUndefined":false,"promoteBuffers":false,"promoteLongs":true,"promoteValues":true,"raw":false,"serializeFunctions":false,"useBigInt64":false},"hasBeenClosed":false,"isMongoClient":true,"namespace":{"db":"admin"},"options":{"compressors":["none"],"connectTimeoutMS":30000,"dbName":"mean-demo","directConnection":false,"driverInfo":{"name":"Mongoose","version":"7.2.2"},"enableUtf8Validation":true,"forceServerObjectId":false,"heartbeatFrequencyMS":10000,"hosts":[{"host":"127.0.0.1","isIPv6":false,"port":27017}],"keepAlive":true,"keepAliveInitialDelay":120000,"loadBalanced":false,"localThresholdMS":15,"maxConnecting":2,"maxIdleTimeMS":0,"maxPoolSize":100,"metadata":{"driver":{"name":"nodejs|Mongoose","version":"5.5.0|7.2.2"},"os":{"architecture":"x64","name":"win32","type":"Windows_NT","version":"10.0.22621"},"platform":"Node.js v18.15.0, LE"},"minHeartbeatFrequencyMS":500,"minPoolSize":0,"mongoLoggerOptions":{"componentSeverities":{"command":"off","connection":"off","default":"off","serverSelection":"off","topology":"off"},"logDestination":{},"maxDocumentLength":1000},"monitorCommands":false,"noDelay":true,"pkFactory":{},"raw":false,"readPreference":{"mode":"primary"},"retryReads":true,"retryWrites":true,"serverSelectionTimeoutMS":30000,"socketTimeoutMS":0,"srvMaxHosts":0,"srvServiceName":"mongodb","userSpecifiedAuthSource":false,"userSpecifiedReplicaSet":false,"waitQueueTimeoutMS":0,"zlibCompressionLevel":0},"readPreference":{"mode":"primary"},"sessionPool":{"client":"[Circular]","sessions":{"count":2,"head":{"next":{"next":{"next":"[Circular]","prev":"[Circular]","value":{"id":{"id":"lmuZNgSaSyeF3vSfV6Lf/g=="},"isDirty":false,"lastUse":24297015,"txnNumber":0}},"prev":"[Circular]","value":{"id":{"id":"1/nn6q5MQAy2rqENkErKow=="},"isDirty":false,"lastUse":24297019,"txnNumber":0}},"prev":{"next":"[Circular]","prev":{"next":"[Circular]","prev":"[Circular]","value":{"id":{"id":"1/nn6q5MQAy2rqENkErKow=="},"isDirty":false,"lastUse":24297019,"txnNumber":0}},"value":{"id":{"id":"lmuZNgSaSyeF3vSfV6Lf/g=="},"isDirty":false,"lastUse":24297015,"txnNumber":0}},"value":null}}},"url":"mongodb://127.0.0.1:27017/mean-demo"},"topology":{"_events":{},"_eventsCount":26,"client":"[Circular]","s":{"connectionTimers":{},"description":{"commonWireVersion":0,"compatible":true,"heartbeatFrequencyMS":10000,"localThresholdMS":15,"logicalSessionTimeoutMinutes":30,"maxElectionId":null,"maxSetVersion":null,"servers":{},"setName":null,"stale":false,"type":"Single"},"heartbeatFrequencyMS":10000,"id":0,"minHeartbeatFrequencyMS":500,"options":{"compressors":["none"],"connectTimeoutMS":30000,"dbName":"mean-demo","directConnection":false,"driverInfo":{"name":"Mongoose","version":"7.2.2"},"enableUtf8Validation":true,"forceServerObjectId":false,"heartbeatFrequencyMS":10000,"hosts":[{"host":"127.0.0.1","isIPv6":false,"port":27017}],"keepAlive":true,"keepAliveInitialDelay":120000,"loadBalanced":false,"localThresholdMS":15,"maxConnecting":2,"maxIdleTimeMS":0,"maxPoolSize":100,"metadata":{"driver":{"name":"nodejs|Mongoose","version":"5.5.0|7.2.2"},"os":{"architecture":"x64","name":"win32","type":"Windows_NT","version":"10.0.22621"},"platform":"Node.js v18.15.0, LE"},"minHeartbeatFrequencyMS":500,"minPoolSize":0,"mongoLoggerOptions":{"componentSeverities":{"command":"off","connection":"off","default":"off","serverSelection":"off","topology":"off"},"logDestination":{},"maxDocumentLength":1000},"monitorCommands":false,"noDelay":true,"pkFactory":{},"raw":false,"readPreference":{"mode":"primary"},"retryReads":true,"retryWrites":true,"serverSelectionTimeoutMS":30000,"socketTimeoutMS":0,"srvMaxHosts":0,"srvServiceName":"mongodb","userSpecifiedAuthSource":false,"userSpecifiedReplicaSet":false,"waitQueueTimeoutMS":0,"zlibCompressionLevel":0},"seedlist":[{"host":"127.0.0.1","isIPv6":false,"port":27017}],"serverSelectionTimeoutMS":30000,"servers":{},"state":"connected"}}},"namespace":{"db":"mean-demo"},"options":{"enableUtf8Validation":true,"forceServerObjectId":false,"pkFactory":{},"raw":false,"readPreference":{"mode":"primary"},"retryWrites":true},"pkFactory":{},"readPreference":{"mode":"primary"}}},"host":"127.0.0.1","id":0,"models":{},"name":"mean-demo","options":null,"otherDbs":[],"plugins":[],"port":27017,"relatedDbs":{},"replica":false,"states":{"0":"disconnected","1":"connected","2":"connecting","3":"disconnecting","99":"uninitialized","connected":1,"connecting":2,"disconnected":0,"disconnecting":3,"uninitialized":99}},"emitter":{"_events":{},"_eventsCount":0},"modelName":"User","name":"users","opts":{"autoCreate":true,"autoIndex":true,"capped":false,"schemaUserProvidedOptions":{}},"queue":[]},"op":"updateOne","options":{},"schema":{"$globalPluginsApplied":true,"$id":2,"_indexes":[],"_userProvidedOptions":{},"aliases":{},"callQueue":[],"childSchemas":[],"inherits":{},"mapPaths":[],"methodOptions":{},"methods":{},"nested":{},"obj":{"email":{"unique":true},"fourteenerArray":[null]},"options":{"_id":true,"autoIndex":null,"bufferCommands":true,"capped":false,"discriminatorKey":"__t","id":true,"minimize":true,"optimisticConcurrency":false,"pluralization":true,"read":null,"shardKey":null,"strict":true,"strictQuery":false,"typeKey":"type","validateBeforeSave":true,"versionKey":"__v"},"paths":{"__v":{"_index":null,"_presplitPath":["__v"],"getters":[],"instance":"Number","options":{},"path":"__v","setters":[],"validators":[]},"_id":{"_index":null,"_presplitPath":["_id"],"getters":[],"instance":"ObjectId","options":{"auto":true,"type":"ObjectId"},"path":"_id","setters":[null],"validators":[]},"active":{"_index":null,"_presplitPath":["active"],"getters":[],"instance":"Boolean","options":{},"path":"active","setters":[],"validators":[]},"email":{"_index":{"background":true,"unique":true},"_presplitPath":["email"],"enumValues":[],"getters":[],"instance":"String","options":{"unique":true},"path":"email","regExp":null,"setters":[],"validators":[]},"firstName":{"_index":null,"_presplitPath":["firstName"],"enumValues":[],"getters":[],"instance":"String","options":{},"path":"firstName","regExp":null,"setters":[],"validators":[]},"fourteenerArray":{"$embeddedSchemaType":{"_arrayParentPath":"fourteenerArray","_arrayPath":"fourteenerArray.$","_index":null,"_presplitPath":["fourteenerArray"],"getters":[],"instance":"Number","options":{},"path":"fourteenerArray","setters":[],"validators":[]},"$isMongooseArray":true,"_index":null,"_presplitPath":["fourteenerArray"],"caster":{"_arrayParentPath":"fourteenerArray","_arrayPath":"fourteenerArray.$","_index":null,"_presplitPath":["fourteenerArray"],"getters":[],"instance":"Number","options":{},"path":"fourteenerArray","setters":[],"validators":[]},"getters":[],"instance":"Array","options":{"type":[null]},"path":"fourteenerArray","schemaOptions":{"_id":true,"autoIndex":null,"bufferCommands":true,"capped":false,"discriminatorKey":"__t","id":true,"minimize":true,"optimisticConcurrency":false,"pluralization":true,"read":null,"shardKey":null,"strict":true,"strictQuery":false,"typeKey":"type","validateBeforeSave":true,"versionKey":"__v"},"setters":[],"validators":[]},"lastName":{"_index":null,"_presplitPath":["lastName"],"enumValues":[],"getters":[],"instance":"String","options":{},"path":"lastName","regExp":null,"setters":[],"validators":[]}},"plugins":[{"opts":{"deduplicate":true}},{"opts":{"deduplicate":true}},{"opts":{"deduplicate":true}},{"opts":{"deduplicate":true}},{"opts":{"deduplicate":true}}],"query":{},"s":{"hooks":{"_posts":{},"_pres":{}}},"singleNestedPaths":{},"statics":{},"subpaths":{"fourteenerArray.$":{"_index":null,"_presplitPath":["fourteenerArray"],"getters":[],"instance":"Number","options":{},"path":"fourteenerArray.$","setters":[],"validators":[]}},"tree":{"_id":{"auto":true,"type":"ObjectId"},"email":{"unique":true},"fourteenerArray":[null],"id":{"getters":[null],"options":{},"path":"id","setters":[]}},"virtuals":{"id":{"getters":[null],"options":{},"path":"id","setters":[]}}}}},"timestamp":"2023-08-09T00:45:28.066Z"}
{"level":"http","message":"POST /api/updateUser 200 2 - 9.259 ms","timestamp":"2023-08-09T00:45:28.076Z"}
{"level":"http","message":"GET /api/users 304 - - 10.992 ms","timestamp":"2023-08-09T00:45:28.091Z"}
{"level":"info","message":"Info message","timestamp":"2023-08-09T00:45:54.886Z"}
{"level":"error","message":"Error message","timestamp":"2023-08-09T00:45:54.888Z"}
{"level":"warn","message":"Warning message","timestamp":"2023-08-09T00:45:54.888Z"}
{"level":"info","message":"Express started on http://localhost:3000; press Ctrl-C to terminate.","timestamp":"2023-08-09T00:45:54.892Z"}
{"level":"info","message":"MongoDB connection established","timestamp":"2023-08-09T00:45:54.901Z"}
{"level":"info","message":{"$useProjection":true,"_collection":{"collection":{"_closed":false,"buffer":false,"collection":{"s":{"bsonOptions":{"bsonRegExp":false,"enableUtf8Validation":true,"fieldsAsRaw":{},"ignoreUndefined":false,"promoteBuffers":false,"promoteLongs":true,"promoteValues":true,"raw":false,"serializeFunctions":false,"useBigInt64":false},"db":{"s":{"bsonOptions":{"bsonRegExp":false,"enableUtf8Validation":true,"fieldsAsRaw":{},"ignoreUndefined":false,"promoteBuffers":false,"promoteLongs":true,"promoteValues":true,"raw":false,"serializeFunctions":false,"useBigInt64":false},"client":{"_events":{},"_eventsCount":1,"_maxListeners":0,"mongoLogger":{"componentSeverities":{"command":"off","connection":"off","default":"off","serverSelection":"off","topology":"off"},"logDestination":{},"maxDocumentLength":1000},"s":{"activeSessions":{},"bsonOptions":{"bsonRegExp":false,"enableUtf8Validation":true,"fieldsAsRaw":{},"ignoreUndefined":false,"promoteBuffers":false,"promoteLongs":true,"promoteValues":true,"raw":false,"serializeFunctions":false,"useBigInt64":false},"hasBeenClosed":false,"isMongoClient":true,"namespace":{"db":"admin"},"options":{"compressors":["none"],"connectTimeoutMS":30000,"dbName":"mean-demo","directConnection":false,"driverInfo":{"name":"Mongoose","version":"7.2.2"},"enableUtf8Validation":true,"forceServerObjectId":false,"heartbeatFrequencyMS":10000,"hosts":[{"host":"127.0.0.1","isIPv6":false,"port":27017}],"keepAlive":true,"keepAliveInitialDelay":120000,"loadBalanced":false,"localThresholdMS":15,"maxConnecting":2,"maxIdleTimeMS":0,"maxPoolSize":100,"metadata":{"driver":{"name":"nodejs|Mongoose","version":"5.5.0|7.2.2"},"os":{"architecture":"x64","name":"win32","type":"Windows_NT","version":"10.0.22621"},"platform":"Node.js v18.15.0, LE"},"minHeartbeatFrequencyMS":500,"minPoolSize":0,"mongoLoggerOptions":{"componentSeverities":{"command":"off","connection":"off","default":"off","serverSelection":"off","topology":"off"},"logDestination":{},"maxDocumentLength":1000},"monitorCommands":false,"noDelay":true,"pkFactory":{},"raw":false,"readPreference":{"mode":"primary"},"retryReads":true,"retryWrites":true,"serverSelectionTimeoutMS":30000,"socketTimeoutMS":0,"srvMaxHosts":0,"srvServiceName":"mongodb","userSpecifiedAuthSource":false,"userSpecifiedReplicaSet":false,"waitQueueTimeoutMS":0,"zlibCompressionLevel":0},"readPreference":{"mode":"primary"},"sessionPool":{"client":"[Circular]","sessions":{"count":2,"head":{"next":{"next":{"next":"[Circular]","prev":"[Circular]","value":{"id":{"id":"gxoXrZiSQ4eFkF8OfD8NYA=="},"isDirty":false,"lastUse":24327597,"txnNumber":0}},"prev":"[Circular]","value":{"id":{"id":"DOsMZpWPReeVHfOfrWt8hw=="},"isDirty":false,"lastUse":24327601,"txnNumber":0}},"prev":{"next":"[Circular]","prev":{"next":"[Circular]","prev":"[Circular]","value":{"id":{"id":"DOsMZpWPReeVHfOfrWt8hw=="},"isDirty":false,"lastUse":24327601,"txnNumber":0}},"value":{"id":{"id":"gxoXrZiSQ4eFkF8OfD8NYA=="},"isDirty":false,"lastUse":24327597,"txnNumber":0}},"value":null}}},"url":"mongodb://127.0.0.1:27017/mean-demo"},"topology":{"_events":{},"_eventsCount":26,"client":"[Circular]","s":{"connectionTimers":{},"description":{"commonWireVersion":0,"compatible":true,"heartbeatFrequencyMS":10000,"localThresholdMS":15,"logicalSessionTimeoutMinutes":30,"maxElectionId":null,"maxSetVersion":null,"servers":{},"setName":null,"stale":false,"type":"Single"},"heartbeatFrequencyMS":10000,"id":0,"minHeartbeatFrequencyMS":500,"options":{"compressors":["none"],"connectTimeoutMS":30000,"dbName":"mean-demo","directConnection":false,"driverInfo":{"name":"Mongoose","version":"7.2.2"},"enableUtf8Validation":true,"forceServerObjectId":false,"heartbeatFrequencyMS":10000,"hosts":[{"host":"127.0.0.1","isIPv6":false,"port":27017}],"keepAlive":true,"keepAliveInitialDelay":120000,"loadBalanced":false,"localThresholdMS":15,"maxConnecting":2,"maxIdleTimeMS":0,"maxPoolSize":100,"metadata":{"driver":{"name":"nodejs|Mongoose","version":"5.5.0|7.2.2"},"os":{"architecture":"x64","name":"win32","type":"Windows_NT","version":"10.0.22621"},"platform":"Node.js v18.15.0, LE"},"minHeartbeatFrequencyMS":500,"minPoolSize":0,"mongoLoggerOptions":{"componentSeverities":{"command":"off","connection":"off","default":"off","serverSelection":"off","topology":"off"},"logDestination":{},"maxDocumentLength":1000},"monitorCommands":false,"noDelay":true,"pkFactory":{},"raw":false,"readPreference":{"mode":"primary"},"retryReads":true,"retryWrites":true,"serverSelectionTimeoutMS":30000,"socketTimeoutMS":0,"srvMaxHosts":0,"srvServiceName":"mongodb","userSpecifiedAuthSource":false,"userSpecifiedReplicaSet":false,"waitQueueTimeoutMS":0,"zlibCompressionLevel":0},"seedlist":[{"host":"127.0.0.1","isIPv6":false,"port":27017}],"serverSelectionTimeoutMS":30000,"servers":{},"state":"connected"}}},"namespace":{"db":"mean-demo"},"options":{"enableUtf8Validation":true,"forceServerObjectId":false,"pkFactory":{},"raw":false,"readPreference":{"mode":"primary"},"retryWrites":true},"pkFactory":{},"readPreference":{"mode":"primary"}}},"namespace":{"collection":"users","db":"mean-demo"},"options":{"bsonRegExp":false,"enableUtf8Validation":true,"fieldsAsRaw":{},"ignoreUndefined":false,"promoteBuffers":false,"promoteLongs":true,"promoteValues":true,"raw":false,"readPreference":{"mode":"primary"},"serializeFunctions":false,"useBigInt64":false},"pkFactory":{},"readPreference":{"mode":"primary"}}},"collectionName":"users","conn":{"$initialConnection":{},"_connectionOptions":{"driverInfo":{"name":"Mongoose","version":"7.2.2"}},"_connectionString":"mongodb://127.0.0.1:27017/mean-demo","_events":{},"_eventsCount":1,"_hasOpened":true,"_listening":false,"_queue":[],"_readyState":1,"base":{"STATES":{"0":"disconnected","1":"connected","2":"connecting","3":"disconnecting","99":"uninitialized","connected":1,"connecting":2,"disconnected":0,"disconnecting":3,"uninitialized":99},"SchemaTypes":{},"Types":{},"__driver":{},"connections":["[Circular]"],"default":"[Circular]","events":{"_events":{},"_eventsCount":0},"models":{},"mongo":{"AuthMechanism":{"MONGODB_AWS":"MONGODB-AWS","MONGODB_CR":"MONGODB-CR","MONGODB_DEFAULT":"DEFAULT","MONGODB_GSSAPI":"GSSAPI","MONGODB_OIDC":"MONGODB-OIDC","MONGODB_PLAIN":"PLAIN","MONGODB_SCRAM_SHA1":"SCRAM-SHA-1","MONGODB_SCRAM_SHA256":"SCRAM-SHA-256","MONGODB_X509":"MONGODB-X509"},"AutoEncryptionLoggerLevel":{"Error":1,"FatalError":0,"Info":3,"Trace":4,"Warning":2},"BSON":{"BSONType":{"array":4,"binData":5,"bool":8,"date":9,"dbPointer":12,"decimal":19,"double":1,"int":16,"javascript":13,"javascriptWithScope":15,"long":18,"maxKey":127,"minKey":-1,"null":10,"object":3,"objectId":7,"regex":11,"string":2,"symbol":14,"timestamp":17,"undefined":6},"EJSON":{}},"BSONType":{"array":4,"binData":5,"bool":8,"date":9,"dbPointer":12,"decimal":19,"double":1,"int":16,"javascript":13,"javascriptWithScope":15,"long":18,"maxKey":127,"minKey":-1,"null":10,"object":3,"objectId":7,"regex":11,"string":2,"symbol":14,"timestamp":17,"undefined":6},"BatchType":{"DELETE":3,"INSERT":1,"UPDATE":2},"CURSOR_FLAGS":["tailable","oplogReplay","noCursorTimeout","awaitData","exhaust","partial"],"Compressor":{"none":0,"snappy":1,"zlib":2,"zstd":3},"ExplainVerbosity":{"allPlansExecution":"allPlansExecution","executionStats":"executionStats","queryPlanner":"queryPlanner","queryPlannerExtended":"queryPlannerExtended"},"GSSAPICanonicalizationValue":{"forward":"forward","forwardAndReverse":"forwardAndReverse","none":"none","off":false,"on":true},"MongoErrorLabel":{"HandshakeError":"HandshakeError","InterruptInUseConnections":"InterruptInUseConnections","NoWritesPerformed":"NoWritesPerformed","ResetPool":"ResetPool","ResumableChangeStreamError":"ResumableChangeStreamError","RetryableWriteError":"RetryableWriteError","TransientTransactionError":"TransientTransactionError","UnknownTransactionCommitResult":"UnknownTransactionCommitResult"},"ProfilingLevel":{"all":"all","off":"off","slowOnly":"slow_only"},"ReadConcernLevel":{"available":"available","linearizable":"linearizable","local":"local","majority":"majority","snapshot":"snapshot"},"ReadPreferenceMode":{"nearest":"nearest","primary":"primary","primaryPreferred":"primaryPreferred","secondary":"secondary","secondaryPreferred":"secondaryPreferred"},"ReturnDocument":{"AFTER":"after","BEFORE":"before"},"ServerApiVersion":{"v1":"1"},"ServerType":{"LoadBalancer":"LoadBalancer","Mongos":"Mongos","PossiblePrimary":"PossiblePrimary","RSArbiter":"RSArbiter","RSGhost":"RSGhost","RSOther":"RSOther","RSPrimary":"RSPrimary","RSSecondary":"RSSecondary","Standalone":"Standalone","Unknown":"Unknown"},"TopologyType":{"LoadBalanced":"LoadBalanced","ReplicaSetNoPrimary":"ReplicaSetNoPrimary","ReplicaSetWithPrimary":"ReplicaSetWithPrimary","Sharded":"Sharded","Single":"Single","Unknown":"Unknown"}},"mongoose":"[Circular]","nextConnectionId":1,"options":{"autoCreate":true,"autoIndex":true,"pluralization":true},"plugins":[[null,{"deduplicate":true}],[null,{"deduplicate":true}],[null,{"deduplicate":true}],[null,{"deduplicate":true}],[null,{"deduplicate":true}]],"version":"7.2.2"},"client":{"_events":{},"_eventsCount":1,"_maxListeners":0,"mongoLogger":{"componentSeverities":{"command":"off","connection":"off","default":"off","serverSelection":"off","topology":"off"},"logDestination":{},"maxDocumentLength":1000},"s":{"activeSessions":{},"bsonOptions":{"bsonRegExp":false,"enableUtf8Validation":true,"fieldsAsRaw":{},"ignoreUndefined":false,"promoteBuffers":false,"promoteLongs":true,"promoteValues":true,"raw":false,"serializeFunctions":false,"useBigInt64":false},"hasBeenClosed":false,"isMongoClient":true,"namespace":{"db":"admin"},"options":{"compressors":["none"],"connectTimeoutMS":30000,"dbName":"mean-demo","directConnection":false,"driverInfo":{"name":"Mongoose","version":"7.2.2"},"enableUtf8Validation":true,"forceServerObjectId":false,"heartbeatFrequencyMS":10000,"hosts":[{"host":"127.0.0.1","isIPv6":false,"port":27017}],"keepAlive":true,"keepAliveInitialDelay":120000,"loadBalanced":false,"localThresholdMS":15,"maxConnecting":2,"maxIdleTimeMS":0,"maxPoolSize":100,"metadata":{"driver":{"name":"nodejs|Mongoose","version":"5.5.0|7.2.2"},"os":{"architecture":"x64","name":"win32","type":"Windows_NT","version":"10.0.22621"},"platform":"Node.js v18.15.0, LE"},"minHeartbeatFrequencyMS":500,"minPoolSize":0,"mongoLoggerOptions":{"componentSeverities":{"command":"off","connection":"off","default":"off","serverSelection":"off","topology":"off"},"logDestination":{},"maxDocumentLength":1000},"monitorCommands":false,"noDelay":true,"pkFactory":{},"raw":false,"readPreference":{"mode":"primary"},"retryReads":true,"retryWrites":true,"serverSelectionTimeoutMS":30000,"socketTimeoutMS":0,"srvMaxHosts":0,"srvServiceName":"mongodb","userSpecifiedAuthSource":false,"userSpecifiedReplicaSet":false,"waitQueueTimeoutMS":0,"zlibCompressionLevel":0},"readPreference":{"mode":"primary"},"sessionPool":{"client":"[Circular]","sessions":{"count":2,"head":{"next":{"next":{"next":"[Circular]","prev":"[Circular]","value":{"id":{"id":"gxoXrZiSQ4eFkF8OfD8NYA=="},"isDirty":false,"lastUse":24327597,"txnNumber":0}},"prev":"[Circular]","value":{"id":{"id":"DOsMZpWPReeVHfOfrWt8hw=="},"isDirty":false,"lastUse":24327601,"txnNumber":0}},"prev":{"next":"[Circular]","prev":{"next":"[Circular]","prev":"[Circular]","value":{"id":{"id":"DOsMZpWPReeVHfOfrWt8hw=="},"isDirty":false,"lastUse":24327601,"txnNumber":0}},"value":{"id":{"id":"gxoXrZiSQ4eFkF8OfD8NYA=="},"isDirty":false,"lastUse":24327597,"txnNumber":0}},"value":null}}},"url":"mongodb://127.0.0.1:27017/mean-demo"},"topology":{"_events":{},"_eventsCount":26,"client":"[Circular]","s":{"connectionTimers":{},"description":{"commonWireVersion":0,"compatible":true,"heartbeatFrequencyMS":10000,"localThresholdMS":15,"logicalSessionTimeoutMinutes":30,"maxElectionId":null,"maxSetVersion":null,"servers":{},"setName":null,"stale":false,"type":"Single"},"heartbeatFrequencyMS":10000,"id":0,"minHeartbeatFrequencyMS":500,"options":{"compressors":["none"],"connectTimeoutMS":30000,"dbName":"mean-demo","directConnection":false,"driverInfo":{"name":"Mongoose","version":"7.2.2"},"enableUtf8Validation":true,"forceServerObjectId":false,"heartbeatFrequencyMS":10000,"hosts":[{"host":"127.0.0.1","isIPv6":false,"port":27017}],"keepAlive":true,"keepAliveInitialDelay":120000,"loadBalanced":false,"localThresholdMS":15,"maxConnecting":2,"maxIdleTimeMS":0,"maxPoolSize":100,"metadata":{"driver":{"name":"nodejs|Mongoose","version":"5.5.0|7.2.2"},"os":{"architecture":"x64","name":"win32","type":"Windows_NT","version":"10.0.22621"},"platform":"Node.js v18.15.0, LE"},"minHeartbeatFrequencyMS":500,"minPoolSize":0,"mongoLoggerOptions":{"componentSeverities":{"command":"off","connection":"off","default":"off","serverSelection":"off","topology":"off"},"logDestination":{},"maxDocumentLength":1000},"monitorCommands":false,"noDelay":true,"pkFactory":{},"raw":false,"readPreference":{"mode":"primary"},"retryReads":true,"retryWrites":true,"serverSelectionTimeoutMS":30000,"socketTimeoutMS":0,"srvMaxHosts":0,"srvServiceName":"mongodb","userSpecifiedAuthSource":false,"userSpecifiedReplicaSet":false,"waitQueueTimeoutMS":0,"zlibCompressionLevel":0},"seedlist":[{"host":"127.0.0.1","isIPv6":false,"port":27017}],"serverSelectionTimeoutMS":30000,"servers":{},"state":"connected"}}},"collections":{"peaks":{"_closed":false,"buffer":false,"collection":{"s":{"bsonOptions":{"bsonRegExp":false,"enableUtf8Validation":true,"fieldsAsRaw":{},"ignoreUndefined":false,"promoteBuffers":false,"promoteLongs":true,"promoteValues":true,"raw":false,"serializeFunctions":false,"useBigInt64":false},"db":{"s":{"bsonOptions":{"bsonRegExp":false,"enableUtf8Validation":true,"fieldsAsRaw":{},"ignoreUndefined":false,"promoteBuffers":false,"promoteLongs":true,"promoteValues":true,"raw":false,"serializeFunctions":false,"useBigInt64":false},"client":{"_events":{},"_eventsCount":1,"_maxListeners":0,"mongoLogger":{"componentSeverities":{"command":"off","connection":"off","default":"off","serverSelection":"off","topology":"off"},"logDestination":{},"maxDocumentLength":1000},"s":{"activeSessions":{},"bsonOptions":{"bsonRegExp":false,"enableUtf8Validation":true,"fieldsAsRaw":{},"ignoreUndefined":false,"promoteBuffers":false,"promoteLongs":true,"promoteValues":true,"raw":false,"serializeFunctions":false,"useBigInt64":false},"hasBeenClosed":false,"isMongoClient":true,"namespace":{"db":"admin"},"options":{"compressors":["none"],"connectTimeoutMS":30000,"dbName":"mean-demo","directConnection":false,"driverInfo":{"name":"Mongoose","version":"7.2.2"},"enableUtf8Validation":true,"forceServerObjectId":false,"heartbeatFrequencyMS":10000,"hosts":[{"host":"127.0.0.1","isIPv6":false,"port":27017}],"keepAlive":true,"keepAliveInitialDelay":120000,"loadBalanced":false,"localThresholdMS":15,"maxConnecting":2,"maxIdleTimeMS":0,"maxPoolSize":100,"metadata":{"driver":{"name":"nodejs|Mongoose","version":"5.5.0|7.2.2"},"os":{"architecture":"x64","name":"win32","type":"Windows_NT","version":"10.0.22621"},"platform":"Node.js v18.15.0, LE"},"minHeartbeatFrequencyMS":500,"minPoolSize":0,"mongoLoggerOptions":{"componentSeverities":{"command":"off","connection":"off","default":"off","serverSelection":"off","topology":"off"},"logDestination":{},"maxDocumentLength":1000},"monitorCommands":false,"noDelay":true,"pkFactory":{},"raw":false,"readPreference":{"mode":"primary"},"retryReads":true,"retryWrites":true,"serverSelectionTimeoutMS":30000,"socketTimeoutMS":0,"srvMaxHosts":0,"srvServiceName":"mongodb","userSpecifiedAuthSource":false,"userSpecifiedReplicaSet":false,"waitQueueTimeoutMS":0,"zlibCompressionLevel":0},"readPreference":{"mode":"primary"},"sessionPool":{"client":"[Circular]","sessions":{"count":2,"head":{"next":{"next":{"next":"[Circular]","prev":"[Circular]","value":{"id":{"id":"gxoXrZiSQ4eFkF8OfD8NYA=="},"isDirty":false,"lastUse":24327597,"txnNumber":0}},"prev":"[Circular]","value":{"id":{"id":"DOsMZpWPReeVHfOfrWt8hw=="},"isDirty":false,"lastUse":24327601,"txnNumber":0}},"prev":{"next":"[Circular]","prev":{"next":"[Circular]","prev":"[Circular]","value":{"id":{"id":"DOsMZpWPReeVHfOfrWt8hw=="},"isDirty":false,"lastUse":24327601,"txnNumber":0}},"value":{"id":{"id":"gxoXrZiSQ4eFkF8OfD8NYA=="},"isDirty":false,"lastUse":24327597,"txnNumber":0}},"value":null}}},"url":"mongodb://127.0.0.1:27017/mean-demo"},"topology":{"_events":{},"_eventsCount":26,"client":"[Circular]","s":{"connectionTimers":{},"description":{"commonWireVersion":0,"compatible":true,"heartbeatFrequencyMS":10000,"localThresholdMS":15,"logicalSessionTimeoutMinutes":30,"maxElectionId":null,"maxSetVersion":null,"servers":{},"setName":null,"stale":false,"type":"Single"},"heartbeatFrequencyMS":10000,"id":0,"minHeartbeatFrequencyMS":500,"options":{"compressors":["none"],"connectTimeoutMS":30000,"dbName":"mean-demo","directConnection":false,"driverInfo":{"name":"Mongoose","version":"7.2.2"},"enableUtf8Validation":true,"forceServerObjectId":false,"heartbeatFrequencyMS":10000,"hosts":[{"host":"127.0.0.1","isIPv6":false,"port":27017}],"keepAlive":true,"keepAliveInitialDelay":120000,"loadBalanced":false,"localThresholdMS":15,"maxConnecting":2,"maxIdleTimeMS":0,"maxPoolSize":100,"metadata":{"driver":{"name":"nodejs|Mongoose","version":"5.5.0|7.2.2"},"os":{"architecture":"x64","name":"win32","type":"Windows_NT","version":"10.0.22621"},"platform":"Node.js v18.15.0, LE"},"minHeartbeatFrequencyMS":500,"minPoolSize":0,"mongoLoggerOptions":{"componentSeverities":{"command":"off","connection":"off","default":"off","serverSelection":"off","topology":"off"},"logDestination":{},"maxDocumentLength":1000},"monitorCommands":false,"noDelay":true,"pkFactory":{},"raw":false,"readPreference":{"mode":"primary"},"retryReads":true,"retryWrites":true,"serverSelectionTimeoutMS":30000,"socketTimeoutMS":0,"srvMaxHosts":0,"srvServiceName":"mongodb","userSpecifiedAuthSource":false,"userSpecifiedReplicaSet":false,"waitQueueTimeoutMS":0,"zlibCompressionLevel":0},"seedlist":[{"host":"127.0.0.1","isIPv6":false,"port":27017}],"serverSelectionTimeoutMS":30000,"servers":{},"state":"connected"}}},"namespace":{"db":"mean-demo"},"options":{"enableUtf8Validation":true,"forceServerObjectId":false,"pkFactory":{},"raw":false,"readPreference":{"mode":"primary"},"retryWrites":true},"pkFactory":{},"readPreference":{"mode":"primary"}}},"namespace":{"collection":"peaks","db":"mean-demo"},"options":{"bsonRegExp":false,"enableUtf8Validation":true,"fieldsAsRaw":{},"ignoreUndefined":false,"promoteBuffers":false,"promoteLongs":true,"promoteValues":true,"raw":false,"readPreference":{"mode":"primary"},"serializeFunctions":false,"useBigInt64":false},"pkFactory":{},"readPreference":{"mode":"primary"}}},"collectionName":"peaks","conn":"[Circular]","emitter":{"_events":{},"_eventsCount":0},"modelName":"Peak","name":"peaks","opts":{"autoCreate":true,"autoIndex":true,"capped":false,"schemaUserProvidedOptions":{}},"queue":[]},"users":"[Circular]"},"config":{},"db":{"s":{"bsonOptions":{"bsonRegExp":false,"enableUtf8Validation":true,"fieldsAsRaw":{},"ignoreUndefined":false,"promoteBuffers":false,"promoteLongs":true,"promoteValues":true,"raw":false,"serializeFunctions":false,"useBigInt64":false},"client":{"_events":{},"_eventsCount":1,"_maxListeners":0,"mongoLogger":{"componentSeverities":{"command":"off","connection":"off","default":"off","serverSelection":"off","topology":"off"},"logDestination":{},"maxDocumentLength":1000},"s":{"activeSessions":{},"bsonOptions":{"bsonRegExp":false,"enableUtf8Validation":true,"fieldsAsRaw":{},"ignoreUndefined":false,"promoteBuffers":false,"promoteLongs":true,"promoteValues":true,"raw":false,"serializeFunctions":false,"useBigInt64":false},"hasBeenClosed":false,"isMongoClient":true,"namespace":{"db":"admin"},"options":{"compressors":["none"],"connectTimeoutMS":30000,"dbName":"mean-demo","directConnection":false,"driverInfo":{"name":"Mongoose","version":"7.2.2"},"enableUtf8Validation":true,"forceServerObjectId":false,"heartbeatFrequencyMS":10000,"hosts":[{"host":"127.0.0.1","isIPv6":false,"port":27017}],"keepAlive":true,"keepAliveInitialDelay":120000,"loadBalanced":false,"localThresholdMS":15,"maxConnecting":2,"maxIdleTimeMS":0,"maxPoolSize":100,"metadata":{"driver":{"name":"nodejs|Mongoose","version":"5.5.0|7.2.2"},"os":{"architecture":"x64","name":"win32","type":"Windows_NT","version":"10.0.22621"},"platform":"Node.js v18.15.0, LE"},"minHeartbeatFrequencyMS":500,"minPoolSize":0,"mongoLoggerOptions":{"componentSeverities":{"command":"off","connection":"off","default":"off","serverSelection":"off","topology":"off"},"logDestination":{},"maxDocumentLength":1000},"monitorCommands":false,"noDelay":true,"pkFactory":{},"raw":false,"readPreference":{"mode":"primary"},"retryReads":true,"retryWrites":true,"serverSelectionTimeoutMS":30000,"socketTimeoutMS":0,"srvMaxHosts":0,"srvServiceName":"mongodb","userSpecifiedAuthSource":false,"userSpecifiedReplicaSet":false,"waitQueueTimeoutMS":0,"zlibCompressionLevel":0},"readPreference":{"mode":"primary"},"sessionPool":{"client":"[Circular]","sessions":{"count":2,"head":{"next":{"next":{"next":"[Circular]","prev":"[Circular]","value":{"id":{"id":"gxoXrZiSQ4eFkF8OfD8NYA=="},"isDirty":false,"lastUse":24327597,"txnNumber":0}},"prev":"[Circular]","value":{"id":{"id":"DOsMZpWPReeVHfOfrWt8hw=="},"isDirty":false,"lastUse":24327601,"txnNumber":0}},"prev":{"next":"[Circular]","prev":{"next":"[Circular]","prev":"[Circular]","value":{"id":{"id":"DOsMZpWPReeVHfOfrWt8hw=="},"isDirty":false,"lastUse":24327601,"txnNumber":0}},"value":{"id":{"id":"gxoXrZiSQ4eFkF8OfD8NYA=="},"isDirty":false,"lastUse":24327597,"txnNumber":0}},"value":null}}},"url":"mongodb://127.0.0.1:27017/mean-demo"},"topology":{"_events":{},"_eventsCount":26,"client":"[Circular]","s":{"connectionTimers":{},"description":{"commonWireVersion":0,"compatible":true,"heartbeatFrequencyMS":10000,"localThresholdMS":15,"logicalSessionTimeoutMinutes":30,"maxElectionId":null,"maxSetVersion":null,"servers":{},"setName":null,"stale":false,"type":"Single"},"heartbeatFrequencyMS":10000,"id":0,"minHeartbeatFrequencyMS":500,"options":{"compressors":["none"],"connectTimeoutMS":30000,"dbName":"mean-demo","directConnection":false,"driverInfo":{"name":"Mongoose","version":"7.2.2"},"enableUtf8Validation":true,"forceServerObjectId":false,"heartbeatFrequencyMS":10000,"hosts":[{"host":"127.0.0.1","isIPv6":false,"port":27017}],"keepAlive":true,"keepAliveInitialDelay":120000,"loadBalanced":false,"localThresholdMS":15,"maxConnecting":2,"maxIdleTimeMS":0,"maxPoolSize":100,"metadata":{"driver":{"name":"nodejs|Mongoose","version":"5.5.0|7.2.2"},"os":{"architecture":"x64","name":"win32","type":"Windows_NT","version":"10.0.22621"},"platform":"Node.js v18.15.0, LE"},"minHeartbeatFrequencyMS":500,"minPoolSize":0,"mongoLoggerOptions":{"componentSeverities":{"command":"off","connection":"off","default":"off","serverSelection":"off","topology":"off"},"logDestination":{},"maxDocumentLength":1000},"monitorCommands":false,"noDelay":true,"pkFactory":{},"raw":false,"readPreference":{"mode":"primary"},"retryReads":true,"retryWrites":true,"serverSelectionTimeoutMS":30000,"socketTimeoutMS":0,"srvMaxHosts":0,"srvServiceName":"mongodb","userSpecifiedAuthSource":false,"userSpecifiedReplicaSet":false,"waitQueueTimeoutMS":0,"zlibCompressionLevel":0},"seedlist":[{"host":"127.0.0.1","isIPv6":false,"port":27017}],"serverSelectionTimeoutMS":30000,"servers":{},"state":"connected"}}},"namespace":{"db":"mean-demo"},"options":{"enableUtf8Validation":true,"forceServerObjectId":false,"pkFactory":{},"raw":false,"readPreference":{"mode":"primary"},"retryWrites":true},"pkFactory":{},"readPreference":{"mode":"primary"}}},"host":"127.0.0.1","id":0,"models":{},"name":"mean-demo","options":null,"otherDbs":[],"plugins":[],"port":27017,"relatedDbs":{},"replica":false,"states":{"0":"disconnected","1":"connected","2":"connecting","3":"disconnecting","99":"uninitialized","connected":1,"connecting":2,"disconnected":0,"disconnecting":3,"uninitialized":99}},"emitter":{"_events":{},"_eventsCount":0},"modelName":"User","name":"users","opts":{"autoCreate":true,"autoIndex":true,"capped":false,"schemaUserProvidedOptions":{}},"queue":[]},"collectionName":"users"},"_conditions":{"email":"jf@hotmail.com"},"_executionStack":null,"_hooks":{"_posts":{},"_pres":{}},"_mongooseOptions":{},"_transforms":[],"_update":{"email":"jf@hotmail.com","firstName":"j","lastName":"f"},"mongooseCollection":{"_closed":false,"buffer":false,"collection":{"s":{"bsonOptions":{"bsonRegExp":false,"enableUtf8Validation":true,"fieldsAsRaw":{},"ignoreUndefined":false,"promoteBuffers":false,"promoteLongs":true,"promoteValues":true,"raw":false,"serializeFunctions":false,"useBigInt64":false},"db":{"s":{"bsonOptions":{"bsonRegExp":false,"enableUtf8Validation":true,"fieldsAsRaw":{},"ignoreUndefined":false,"promoteBuffers":false,"promoteLongs":true,"promoteValues":true,"raw":false,"serializeFunctions":false,"useBigInt64":false},"client":{"_events":{},"_eventsCount":1,"_maxListeners":0,"mongoLogger":{"componentSeverities":{"command":"off","connection":"off","default":"off","serverSelection":"off","topology":"off"},"logDestination":{},"maxDocumentLength":1000},"s":{"activeSessions":{},"bsonOptions":{"bsonRegExp":false,"enableUtf8Validation":true,"fieldsAsRaw":{},"ignoreUndefined":false,"promoteBuffers":false,"promoteLongs":true,"promoteValues":true,"raw":false,"serializeFunctions":false,"useBigInt64":false},"hasBeenClosed":false,"isMongoClient":true,"namespace":{"db":"admin"},"options":{"compressors":["none"],"connectTimeoutMS":30000,"dbName":"mean-demo","directConnection":false,"driverInfo":{"name":"Mongoose","version":"7.2.2"},"enableUtf8Validation":true,"forceServerObjectId":false,"heartbeatFrequencyMS":10000,"hosts":[{"host":"127.0.0.1","isIPv6":false,"port":27017}],"keepAlive":true,"keepAliveInitialDelay":120000,"loadBalanced":false,"localThresholdMS":15,"maxConnecting":2,"maxIdleTimeMS":0,"maxPoolSize":100,"metadata":{"driver":{"name":"nodejs|Mongoose","version":"5.5.0|7.2.2"},"os":{"architecture":"x64","name":"win32","type":"Windows_NT","version":"10.0.22621"},"platform":"Node.js v18.15.0, LE"},"minHeartbeatFrequencyMS":500,"minPoolSize":0,"mongoLoggerOptions":{"componentSeverities":{"command":"off","connection":"off","default":"off","serverSelection":"off","topology":"off"},"logDestination":{},"maxDocumentLength":1000},"monitorCommands":false,"noDelay":true,"pkFactory":{},"raw":false,"readPreference":{"mode":"primary"},"retryReads":true,"retryWrites":true,"serverSelectionTimeoutMS":30000,"socketTimeoutMS":0,"srvMaxHosts":0,"srvServiceName":"mongodb","userSpecifiedAuthSource":false,"userSpecifiedReplicaSet":false,"waitQueueTimeoutMS":0,"zlibCompressionLevel":0},"readPreference":{"mode":"primary"},"sessionPool":{"client":"[Circular]","sessions":{"count":2,"head":{"next":{"next":{"next":"[Circular]","prev":"[Circular]","value":{"id":{"id":"gxoXrZiSQ4eFkF8OfD8NYA=="},"isDirty":false,"lastUse":24327597,"txnNumber":0}},"prev":"[Circular]","value":{"id":{"id":"DOsMZpWPReeVHfOfrWt8hw=="},"isDirty":false,"lastUse":24327601,"txnNumber":0}},"prev":{"next":"[Circular]","prev":{"next":"[Circular]","prev":"[Circular]","value":{"id":{"id":"DOsMZpWPReeVHfOfrWt8hw=="},"isDirty":false,"lastUse":24327601,"txnNumber":0}},"value":{"id":{"id":"gxoXrZiSQ4eFkF8OfD8NYA=="},"isDirty":false,"lastUse":24327597,"txnNumber":0}},"value":null}}},"url":"mongodb://127.0.0.1:27017/mean-demo"},"topology":{"_events":{},"_eventsCount":26,"client":"[Circular]","s":{"connectionTimers":{},"description":{"commonWireVersion":0,"compatible":true,"heartbeatFrequencyMS":10000,"localThresholdMS":15,"logicalSessionTimeoutMinutes":30,"maxElectionId":null,"maxSetVersion":null,"servers":{},"setName":null,"stale":false,"type":"Single"},"heartbeatFrequencyMS":10000,"id":0,"minHeartbeatFrequencyMS":500,"options":{"compressors":["none"],"connectTimeoutMS":30000,"dbName":"mean-demo","directConnection":false,"driverInfo":{"name":"Mongoose","version":"7.2.2"},"enableUtf8Validation":true,"forceServerObjectId":false,"heartbeatFrequencyMS":10000,"hosts":[{"host":"127.0.0.1","isIPv6":false,"port":27017}],"keepAlive":true,"keepAliveInitialDelay":120000,"loadBalanced":false,"localThresholdMS":15,"maxConnecting":2,"maxIdleTimeMS":0,"maxPoolSize":100,"metadata":{"driver":{"name":"nodejs|Mongoose","version":"5.5.0|7.2.2"},"os":{"architecture":"x64","name":"win32","type":"Windows_NT","version":"10.0.22621"},"platform":"Node.js v18.15.0, LE"},"minHeartbeatFrequencyMS":500,"minPoolSize":0,"mongoLoggerOptions":{"componentSeverities":{"command":"off","connection":"off","default":"off","serverSelection":"off","topology":"off"},"logDestination":{},"maxDocumentLength":1000},"monitorCommands":false,"noDelay":true,"pkFactory":{},"raw":false,"readPreference":{"mode":"primary"},"retryReads":true,"retryWrites":true,"serverSelectionTimeoutMS":30000,"socketTimeoutMS":0,"srvMaxHosts":0,"srvServiceName":"mongodb","userSpecifiedAuthSource":false,"userSpecifiedReplicaSet":false,"waitQueueTimeoutMS":0,"zlibCompressionLevel":0},"seedlist":[{"host":"127.0.0.1","isIPv6":false,"port":27017}],"serverSelectionTimeoutMS":30000,"servers":{},"state":"connected"}}},"namespace":{"db":"mean-demo"},"options":{"enableUtf8Validation":true,"forceServerObjectId":false,"pkFactory":{},"raw":false,"readPreference":{"mode":"primary"},"retryWrites":true},"pkFactory":{},"readPreference":{"mode":"primary"}}},"namespace":{"collection":"users","db":"mean-demo"},"options":{"bsonRegExp":false,"enableUtf8Validation":true,"fieldsAsRaw":{},"ignoreUndefined":false,"promoteBuffers":false,"promoteLongs":true,"promoteValues":true,"raw":false,"readPreference":{"mode":"primary"},"serializeFunctions":false,"useBigInt64":false},"pkFactory":{},"readPreference":{"mode":"primary"}}},"collectionName":"users","conn":{"$initialConnection":{},"_connectionOptions":{"driverInfo":{"name":"Mongoose","version":"7.2.2"}},"_connectionString":"mongodb://127.0.0.1:27017/mean-demo","_events":{},"_eventsCount":1,"_hasOpened":true,"_listening":false,"_queue":[],"_readyState":1,"base":{"STATES":{"0":"disconnected","1":"connected","2":"connecting","3":"disconnecting","99":"uninitialized","connected":1,"connecting":2,"disconnected":0,"disconnecting":3,"uninitialized":99},"SchemaTypes":{},"Types":{},"__driver":{},"connections":["[Circular]"],"default":"[Circular]","events":{"_events":{},"_eventsCount":0},"models":{},"mongo":{"AuthMechanism":{"MONGODB_AWS":"MONGODB-AWS","MONGODB_CR":"MONGODB-CR","MONGODB_DEFAULT":"DEFAULT","MONGODB_GSSAPI":"GSSAPI","MONGODB_OIDC":"MONGODB-OIDC","MONGODB_PLAIN":"PLAIN","MONGODB_SCRAM_SHA1":"SCRAM-SHA-1","MONGODB_SCRAM_SHA256":"SCRAM-SHA-256","MONGODB_X509":"MONGODB-X509"},"AutoEncryptionLoggerLevel":{"Error":1,"FatalError":0,"Info":3,"Trace":4,"Warning":2},"BSON":{"BSONType":{"array":4,"binData":5,"bool":8,"date":9,"dbPointer":12,"decimal":19,"double":1,"int":16,"javascript":13,"javascriptWithScope":15,"long":18,"maxKey":127,"minKey":-1,"null":10,"object":3,"objectId":7,"regex":11,"string":2,"symbol":14,"timestamp":17,"undefined":6},"EJSON":{}},"BSONType":{"array":4,"binData":5,"bool":8,"date":9,"dbPointer":12,"decimal":19,"double":1,"int":16,"javascript":13,"javascriptWithScope":15,"long":18,"maxKey":127,"minKey":-1,"null":10,"object":3,"objectId":7,"regex":11,"string":2,"symbol":14,"timestamp":17,"undefined":6},"BatchType":{"DELETE":3,"INSERT":1,"UPDATE":2},"CURSOR_FLAGS":["tailable","oplogReplay","noCursorTimeout","awaitData","exhaust","partial"],"Compressor":{"none":0,"snappy":1,"zlib":2,"zstd":3},"ExplainVerbosity":{"allPlansExecution":"allPlansExecution","executionStats":"executionStats","queryPlanner":"queryPlanner","queryPlannerExtended":"queryPlannerExtended"},"GSSAPICanonicalizationValue":{"forward":"forward","forwardAndReverse":"forwardAndReverse","none":"none","off":false,"on":true},"MongoErrorLabel":{"HandshakeError":"HandshakeError","InterruptInUseConnections":"InterruptInUseConnections","NoWritesPerformed":"NoWritesPerformed","ResetPool":"ResetPool","ResumableChangeStreamError":"ResumableChangeStreamError","RetryableWriteError":"RetryableWriteError","TransientTransactionError":"TransientTransactionError","UnknownTransactionCommitResult":"UnknownTransactionCommitResult"},"ProfilingLevel":{"all":"all","off":"off","slowOnly":"slow_only"},"ReadConcernLevel":{"available":"available","linearizable":"linearizable","local":"local","majority":"majority","snapshot":"snapshot"},"ReadPreferenceMode":{"nearest":"nearest","primary":"primary","primaryPreferred":"primaryPreferred","secondary":"secondary","secondaryPreferred":"secondaryPreferred"},"ReturnDocument":{"AFTER":"after","BEFORE":"before"},"ServerApiVersion":{"v1":"1"},"ServerType":{"LoadBalancer":"LoadBalancer","Mongos":"Mongos","PossiblePrimary":"PossiblePrimary","RSArbiter":"RSArbiter","RSGhost":"RSGhost","RSOther":"RSOther","RSPrimary":"RSPrimary","RSSecondary":"RSSecondary","Standalone":"Standalone","Unknown":"Unknown"},"TopologyType":{"LoadBalanced":"LoadBalanced","ReplicaSetNoPrimary":"ReplicaSetNoPrimary","ReplicaSetWithPrimary":"ReplicaSetWithPrimary","Sharded":"Sharded","Single":"Single","Unknown":"Unknown"}},"mongoose":"[Circular]","nextConnectionId":1,"options":{"autoCreate":true,"autoIndex":true,"pluralization":true},"plugins":[[null,{"deduplicate":true}],[null,{"deduplicate":true}],[null,{"deduplicate":true}],[null,{"deduplicate":true}],[null,{"deduplicate":true}]],"version":"7.2.2"},"client":{"_events":{},"_eventsCount":1,"_maxListeners":0,"mongoLogger":{"componentSeverities":{"command":"off","connection":"off","default":"off","serverSelection":"off","topology":"off"},"logDestination":{},"maxDocumentLength":1000},"s":{"activeSessions":{},"bsonOptions":{"bsonRegExp":false,"enableUtf8Validation":true,"fieldsAsRaw":{},"ignoreUndefined":false,"promoteBuffers":false,"promoteLongs":true,"promoteValues":true,"raw":false,"serializeFunctions":false,"useBigInt64":false},"hasBeenClosed":false,"isMongoClient":true,"namespace":{"db":"admin"},"options":{"compressors":["none"],"connectTimeoutMS":30000,"dbName":"mean-demo","directConnection":false,"driverInfo":{"name":"Mongoose","version":"7.2.2"},"enableUtf8Validation":true,"forceServerObjectId":false,"heartbeatFrequencyMS":10000,"hosts":[{"host":"127.0.0.1","isIPv6":false,"port":27017}],"keepAlive":true,"keepAliveInitialDelay":120000,"loadBalanced":false,"localThresholdMS":15,"maxConnecting":2,"maxIdleTimeMS":0,"maxPoolSize":100,"metadata":{"driver":{"name":"nodejs|Mongoose","version":"5.5.0|7.2.2"},"os":{"architecture":"x64","name":"win32","type":"Windows_NT","version":"10.0.22621"},"platform":"Node.js v18.15.0, LE"},"minHeartbeatFrequencyMS":500,"minPoolSize":0,"mongoLoggerOptions":{"componentSeverities":{"command":"off","connection":"off","default":"off","serverSelection":"off","topology":"off"},"logDestination":{},"maxDocumentLength":1000},"monitorCommands":false,"noDelay":true,"pkFactory":{},"raw":false,"readPreference":{"mode":"primary"},"retryReads":true,"retryWrites":true,"serverSelectionTimeoutMS":30000,"socketTimeoutMS":0,"srvMaxHosts":0,"srvServiceName":"mongodb","userSpecifiedAuthSource":false,"userSpecifiedReplicaSet":false,"waitQueueTimeoutMS":0,"zlibCompressionLevel":0},"readPreference":{"mode":"primary"},"sessionPool":{"client":"[Circular]","sessions":{"count":2,"head":{"next":{"next":{"next":"[Circular]","prev":"[Circular]","value":{"id":{"id":"gxoXrZiSQ4eFkF8OfD8NYA=="},"isDirty":false,"lastUse":24327597,"txnNumber":0}},"prev":"[Circular]","value":{"id":{"id":"DOsMZpWPReeVHfOfrWt8hw=="},"isDirty":false,"lastUse":24327601,"txnNumber":0}},"prev":{"next":"[Circular]","prev":{"next":"[Circular]","prev":"[Circular]","value":{"id":{"id":"DOsMZpWPReeVHfOfrWt8hw=="},"isDirty":false,"lastUse":24327601,"txnNumber":0}},"value":{"id":{"id":"gxoXrZiSQ4eFkF8OfD8NYA=="},"isDirty":false,"lastUse":24327597,"txnNumber":0}},"value":null}}},"url":"mongodb://127.0.0.1:27017/mean-demo"},"topology":{"_events":{},"_eventsCount":26,"client":"[Circular]","s":{"connectionTimers":{},"description":{"commonWireVersion":0,"compatible":true,"heartbeatFrequencyMS":10000,"localThresholdMS":15,"logicalSessionTimeoutMinutes":30,"maxElectionId":null,"maxSetVersion":null,"servers":{},"setName":null,"stale":false,"type":"Single"},"heartbeatFrequencyMS":10000,"id":0,"minHeartbeatFrequencyMS":500,"options":{"compressors":["none"],"connectTimeoutMS":30000,"dbName":"mean-demo","directConnection":false,"driverInfo":{"name":"Mongoose","version":"7.2.2"},"enableUtf8Validation":true,"forceServerObjectId":false,"heartbeatFrequencyMS":10000,"hosts":[{"host":"127.0.0.1","isIPv6":false,"port":27017}],"keepAlive":true,"keepAliveInitialDelay":120000,"loadBalanced":false,"localThresholdMS":15,"maxConnecting":2,"maxIdleTimeMS":0,"maxPoolSize":100,"metadata":{"driver":{"name":"nodejs|Mongoose","version":"5.5.0|7.2.2"},"os":{"architecture":"x64","name":"win32","type":"Windows_NT","version":"10.0.22621"},"platform":"Node.js v18.15.0, LE"},"minHeartbeatFrequencyMS":500,"minPoolSize":0,"mongoLoggerOptions":{"componentSeverities":{"command":"off","connection":"off","default":"off","serverSelection":"off","topology":"off"},"logDestination":{},"maxDocumentLength":1000},"monitorCommands":false,"noDelay":true,"pkFactory":{},"raw":false,"readPreference":{"mode":"primary"},"retryReads":true,"retryWrites":true,"serverSelectionTimeoutMS":30000,"socketTimeoutMS":0,"srvMaxHosts":0,"srvServiceName":"mongodb","userSpecifiedAuthSource":false,"userSpecifiedReplicaSet":false,"waitQueueTimeoutMS":0,"zlibCompressionLevel":0},"seedlist":[{"host":"127.0.0.1","isIPv6":false,"port":27017}],"serverSelectionTimeoutMS":30000,"servers":{},"state":"connected"}}},"collections":{"peaks":{"_closed":false,"buffer":false,"collection":{"s":{"bsonOptions":{"bsonRegExp":false,"enableUtf8Validation":true,"fieldsAsRaw":{},"ignoreUndefined":false,"promoteBuffers":false,"promoteLongs":true,"promoteValues":true,"raw":false,"serializeFunctions":false,"useBigInt64":false},"db":{"s":{"bsonOptions":{"bsonRegExp":false,"enableUtf8Validation":true,"fieldsAsRaw":{},"ignoreUndefined":false,"promoteBuffers":false,"promoteLongs":true,"promoteValues":true,"raw":false,"serializeFunctions":false,"useBigInt64":false},"client":{"_events":{},"_eventsCount":1,"_maxListeners":0,"mongoLogger":{"componentSeverities":{"command":"off","connection":"off","default":"off","serverSelection":"off","topology":"off"},"logDestination":{},"maxDocumentLength":1000},"s":{"activeSessions":{},"bsonOptions":{"bsonRegExp":false,"enableUtf8Validation":true,"fieldsAsRaw":{},"ignoreUndefined":false,"promoteBuffers":false,"promoteLongs":true,"promoteValues":true,"raw":false,"serializeFunctions":false,"useBigInt64":false},"hasBeenClosed":false,"isMongoClient":true,"namespace":{"db":"admin"},"options":{"compressors":["none"],"connectTimeoutMS":30000,"dbName":"mean-demo","directConnection":false,"driverInfo":{"name":"Mongoose","version":"7.2.2"},"enableUtf8Validation":true,"forceServerObjectId":false,"heartbeatFrequencyMS":10000,"hosts":[{"host":"127.0.0.1","isIPv6":false,"port":27017}],"keepAlive":true,"keepAliveInitialDelay":120000,"loadBalanced":false,"localThresholdMS":15,"maxConnecting":2,"maxIdleTimeMS":0,"maxPoolSize":100,"metadata":{"driver":{"name":"nodejs|Mongoose","version":"5.5.0|7.2.2"},"os":{"architecture":"x64","name":"win32","type":"Windows_NT","version":"10.0.22621"},"platform":"Node.js v18.15.0, LE"},"minHeartbeatFrequencyMS":500,"minPoolSize":0,"mongoLoggerOptions":{"componentSeverities":{"command":"off","connection":"off","default":"off","serverSelection":"off","topology":"off"},"logDestination":{},"maxDocumentLength":1000},"monitorCommands":false,"noDelay":true,"pkFactory":{},"raw":false,"readPreference":{"mode":"primary"},"retryReads":true,"retryWrites":true,"serverSelectionTimeoutMS":30000,"socketTimeoutMS":0,"srvMaxHosts":0,"srvServiceName":"mongodb","userSpecifiedAuthSource":false,"userSpecifiedReplicaSet":false,"waitQueueTimeoutMS":0,"zlibCompressionLevel":0},"readPreference":{"mode":"primary"},"sessionPool":{"client":"[Circular]","sessions":{"count":2,"head":{"next":{"next":{"next":"[Circular]","prev":"[Circular]","value":{"id":{"id":"gxoXrZiSQ4eFkF8OfD8NYA=="},"isDirty":false,"lastUse":24327597,"txnNumber":0}},"prev":"[Circular]","value":{"id":{"id":"DOsMZpWPReeVHfOfrWt8hw=="},"isDirty":false,"lastUse":24327601,"txnNumber":0}},"prev":{"next":"[Circular]","prev":{"next":"[Circular]","prev":"[Circular]","value":{"id":{"id":"DOsMZpWPReeVHfOfrWt8hw=="},"isDirty":false,"lastUse":24327601,"txnNumber":0}},"value":{"id":{"id":"gxoXrZiSQ4eFkF8OfD8NYA=="},"isDirty":false,"lastUse":24327597,"txnNumber":0}},"value":null}}},"url":"mongodb://127.0.0.1:27017/mean-demo"},"topology":{"_events":{},"_eventsCount":26,"client":"[Circular]","s":{"connectionTimers":{},"description":{"commonWireVersion":0,"compatible":true,"heartbeatFrequencyMS":10000,"localThresholdMS":15,"logicalSessionTimeoutMinutes":30,"maxElectionId":null,"maxSetVersion":null,"servers":{},"setName":null,"stale":false,"type":"Single"},"heartbeatFrequencyMS":10000,"id":0,"minHeartbeatFrequencyMS":500,"options":{"compressors":["none"],"connectTimeoutMS":30000,"dbName":"mean-demo","directConnection":false,"driverInfo":{"name":"Mongoose","version":"7.2.2"},"enableUtf8Validation":true,"forceServerObjectId":false,"heartbeatFrequencyMS":10000,"hosts":[{"host":"127.0.0.1","isIPv6":false,"port":27017}],"keepAlive":true,"keepAliveInitialDelay":120000,"loadBalanced":false,"localThresholdMS":15,"maxConnecting":2,"maxIdleTimeMS":0,"maxPoolSize":100,"metadata":{"driver":{"name":"nodejs|Mongoose","version":"5.5.0|7.2.2"},"os":{"architecture":"x64","name":"win32","type":"Windows_NT","version":"10.0.22621"},"platform":"Node.js v18.15.0, LE"},"minHeartbeatFrequencyMS":500,"minPoolSize":0,"mongoLoggerOptions":{"componentSeverities":{"command":"off","connection":"off","default":"off","serverSelection":"off","topology":"off"},"logDestination":{},"maxDocumentLength":1000},"monitorCommands":false,"noDelay":true,"pkFactory":{},"raw":false,"readPreference":{"mode":"primary"},"retryReads":true,"retryWrites":true,"serverSelectionTimeoutMS":30000,"socketTimeoutMS":0,"srvMaxHosts":0,"srvServiceName":"mongodb","userSpecifiedAuthSource":false,"userSpecifiedReplicaSet":false,"waitQueueTimeoutMS":0,"zlibCompressionLevel":0},"seedlist":[{"host":"127.0.0.1","isIPv6":false,"port":27017}],"serverSelectionTimeoutMS":30000,"servers":{},"state":"connected"}}},"namespace":{"db":"mean-demo"},"options":{"enableUtf8Validation":true,"forceServerObjectId":false,"pkFactory":{},"raw":false,"readPreference":{"mode":"primary"},"retryWrites":true},"pkFactory":{},"readPreference":{"mode":"primary"}}},"namespace":{"collection":"peaks","db":"mean-demo"},"options":{"bsonRegExp":false,"enableUtf8Validation":true,"fieldsAsRaw":{},"ignoreUndefined":false,"promoteBuffers":false,"promoteLongs":true,"promoteValues":true,"raw":false,"readPreference":{"mode":"primary"},"serializeFunctions":false,"useBigInt64":false},"pkFactory":{},"readPreference":{"mode":"primary"}}},"collectionName":"peaks","conn":"[Circular]","emitter":{"_events":{},"_eventsCount":0},"modelName":"Peak","name":"peaks","opts":{"autoCreate":true,"autoIndex":true,"capped":false,"schemaUserProvidedOptions":{}},"queue":[]},"users":"[Circular]"},"config":{},"db":{"s":{"bsonOptions":{"bsonRegExp":false,"enableUtf8Validation":true,"fieldsAsRaw":{},"ignoreUndefined":false,"promoteBuffers":false,"promoteLongs":true,"promoteValues":true,"raw":false,"serializeFunctions":false,"useBigInt64":false},"client":{"_events":{},"_eventsCount":1,"_maxListeners":0,"mongoLogger":{"componentSeverities":{"command":"off","connection":"off","default":"off","serverSelection":"off","topology":"off"},"logDestination":{},"maxDocumentLength":1000},"s":{"activeSessions":{},"bsonOptions":{"bsonRegExp":false,"enableUtf8Validation":true,"fieldsAsRaw":{},"ignoreUndefined":false,"promoteBuffers":false,"promoteLongs":true,"promoteValues":true,"raw":false,"serializeFunctions":false,"useBigInt64":false},"hasBeenClosed":false,"isMongoClient":true,"namespace":{"db":"admin"},"options":{"compressors":["none"],"connectTimeoutMS":30000,"dbName":"mean-demo","directConnection":false,"driverInfo":{"name":"Mongoose","version":"7.2.2"},"enableUtf8Validation":true,"forceServerObjectId":false,"heartbeatFrequencyMS":10000,"hosts":[{"host":"127.0.0.1","isIPv6":false,"port":27017}],"keepAlive":true,"keepAliveInitialDelay":120000,"loadBalanced":false,"localThresholdMS":15,"maxConnecting":2,"maxIdleTimeMS":0,"maxPoolSize":100,"metadata":{"driver":{"name":"nodejs|Mongoose","version":"5.5.0|7.2.2"},"os":{"architecture":"x64","name":"win32","type":"Windows_NT","version":"10.0.22621"},"platform":"Node.js v18.15.0, LE"},"minHeartbeatFrequencyMS":500,"minPoolSize":0,"mongoLoggerOptions":{"componentSeverities":{"command":"off","connection":"off","default":"off","serverSelection":"off","topology":"off"},"logDestination":{},"maxDocumentLength":1000},"monitorCommands":false,"noDelay":true,"pkFactory":{},"raw":false,"readPreference":{"mode":"primary"},"retryReads":true,"retryWrites":true,"serverSelectionTimeoutMS":30000,"socketTimeoutMS":0,"srvMaxHosts":0,"srvServiceName":"mongodb","userSpecifiedAuthSource":false,"userSpecifiedReplicaSet":false,"waitQueueTimeoutMS":0,"zlibCompressionLevel":0},"readPreference":{"mode":"primary"},"sessionPool":{"client":"[Circular]","sessions":{"count":2,"head":{"next":{"next":{"next":"[Circular]","prev":"[Circular]","value":{"id":{"id":"gxoXrZiSQ4eFkF8OfD8NYA=="},"isDirty":false,"lastUse":24327597,"txnNumber":0}},"prev":"[Circular]","value":{"id":{"id":"DOsMZpWPReeVHfOfrWt8hw=="},"isDirty":false,"lastUse":24327601,"txnNumber":0}},"prev":{"next":"[Circular]","prev":{"next":"[Circular]","prev":"[Circular]","value":{"id":{"id":"DOsMZpWPReeVHfOfrWt8hw=="},"isDirty":false,"lastUse":24327601,"txnNumber":0}},"value":{"id":{"id":"gxoXrZiSQ4eFkF8OfD8NYA=="},"isDirty":false,"lastUse":24327597,"txnNumber":0}},"value":null}}},"url":"mongodb://127.0.0.1:27017/mean-demo"},"topology":{"_events":{},"_eventsCount":26,"client":"[Circular]","s":{"connectionTimers":{},"description":{"commonWireVersion":0,"compatible":true,"heartbeatFrequencyMS":10000,"localThresholdMS":15,"logicalSessionTimeoutMinutes":30,"maxElectionId":null,"maxSetVersion":null,"servers":{},"setName":null,"stale":false,"type":"Single"},"heartbeatFrequencyMS":10000,"id":0,"minHeartbeatFrequencyMS":500,"options":{"compressors":["none"],"connectTimeoutMS":30000,"dbName":"mean-demo","directConnection":false,"driverInfo":{"name":"Mongoose","version":"7.2.2"},"enableUtf8Validation":true,"forceServerObjectId":false,"heartbeatFrequencyMS":10000,"hosts":[{"host":"127.0.0.1","isIPv6":false,"port":27017}],"keepAlive":true,"keepAliveInitialDelay":120000,"loadBalanced":false,"localThresholdMS":15,"maxConnecting":2,"maxIdleTimeMS":0,"maxPoolSize":100,"metadata":{"driver":{"name":"nodejs|Mongoose","version":"5.5.0|7.2.2"},"os":{"architecture":"x64","name":"win32","type":"Windows_NT","version":"10.0.22621"},"platform":"Node.js v18.15.0, LE"},"minHeartbeatFrequencyMS":500,"minPoolSize":0,"mongoLoggerOptions":{"componentSeverities":{"command":"off","connection":"off","default":"off","serverSelection":"off","topology":"off"},"logDestination":{},"maxDocumentLength":1000},"monitorCommands":false,"noDelay":true,"pkFactory":{},"raw":false,"readPreference":{"mode":"primary"},"retryReads":true,"retryWrites":true,"serverSelectionTimeoutMS":30000,"socketTimeoutMS":0,"srvMaxHosts":0,"srvServiceName":"mongodb","userSpecifiedAuthSource":false,"userSpecifiedReplicaSet":false,"waitQueueTimeoutMS":0,"zlibCompressionLevel":0},"seedlist":[{"host":"127.0.0.1","isIPv6":false,"port":27017}],"serverSelectionTimeoutMS":30000,"servers":{},"state":"connected"}}},"namespace":{"db":"mean-demo"},"options":{"enableUtf8Validation":true,"forceServerObjectId":false,"pkFactory":{},"raw":false,"readPreference":{"mode":"primary"},"retryWrites":true},"pkFactory":{},"readPreference":{"mode":"primary"}}},"host":"127.0.0.1","id":0,"models":{},"name":"mean-demo","options":null,"otherDbs":[],"plugins":[],"port":27017,"relatedDbs":{},"replica":false,"states":{"0":"disconnected","1":"connected","2":"connecting","3":"disconnecting","99":"uninitialized","connected":1,"connecting":2,"disconnected":0,"disconnecting":3,"uninitialized":99}},"emitter":{"_events":{},"_eventsCount":0},"modelName":"User","name":"users","opts":{"autoCreate":true,"autoIndex":true,"capped":false,"schemaUserProvidedOptions":{}},"queue":[]},"op":"updateOne","options":{},"schema":{"$globalPluginsApplied":true,"$id":2,"_indexes":[],"_userProvidedOptions":{},"aliases":{},"callQueue":[],"childSchemas":[],"inherits":{},"mapPaths":[],"methodOptions":{},"methods":{},"nested":{},"obj":{"email":{"unique":true},"fourteenerArray":[null]},"options":{"_id":true,"autoIndex":null,"bufferCommands":true,"capped":false,"discriminatorKey":"__t","id":true,"minimize":true,"optimisticConcurrency":false,"pluralization":true,"read":null,"shardKey":null,"strict":true,"strictQuery":false,"typeKey":"type","validateBeforeSave":true,"versionKey":"__v"},"paths":{"__v":{"_index":null,"_presplitPath":["__v"],"getters":[],"instance":"Number","options":{},"path":"__v","setters":[],"validators":[]},"_id":{"_index":null,"_presplitPath":["_id"],"getters":[],"instance":"ObjectId","options":{"auto":true,"type":"ObjectId"},"path":"_id","setters":[null],"validators":[]},"active":{"_index":null,"_presplitPath":["active"],"getters":[],"instance":"Boolean","options":{},"path":"active","setters":[],"validators":[]},"email":{"_index":{"background":true,"unique":true},"_presplitPath":["email"],"enumValues":[],"getters":[],"instance":"String","options":{"unique":true},"path":"email","regExp":null,"setters":[],"validators":[]},"firstName":{"_index":null,"_presplitPath":["firstName"],"enumValues":[],"getters":[],"instance":"String","options":{},"path":"firstName","regExp":null,"setters":[],"validators":[]},"fourteenerArray":{"$embeddedSchemaType":{"_arrayParentPath":"fourteenerArray","_arrayPath":"fourteenerArray.$","_index":null,"_presplitPath":["fourteenerArray"],"getters":[],"instance":"Number","options":{},"path":"fourteenerArray","setters":[],"validators":[]},"$isMongooseArray":true,"_index":null,"_presplitPath":["fourteenerArray"],"caster":{"_arrayParentPath":"fourteenerArray","_arrayPath":"fourteenerArray.$","_index":null,"_presplitPath":["fourteenerArray"],"getters":[],"instance":"Number","options":{},"path":"fourteenerArray","setters":[],"validators":[]},"getters":[],"instance":"Array","options":{"type":[null]},"path":"fourteenerArray","schemaOptions":{"_id":true,"autoIndex":null,"bufferCommands":true,"capped":false,"discriminatorKey":"__t","id":true,"minimize":true,"optimisticConcurrency":false,"pluralization":true,"read":null,"shardKey":null,"strict":true,"strictQuery":false,"typeKey":"type","validateBeforeSave":true,"versionKey":"__v"},"setters":[],"validators":[]},"lastName":{"_index":null,"_presplitPath":["lastName"],"enumValues":[],"getters":[],"instance":"String","options":{},"path":"lastName","regExp":null,"setters":[],"validators":[]}},"plugins":[{"opts":{"deduplicate":true}},{"opts":{"deduplicate":true}},{"opts":{"deduplicate":true}},{"opts":{"deduplicate":true}},{"opts":{"deduplicate":true}}],"query":{},"s":{"hooks":{"_posts":{},"_pres":{}}},"singleNestedPaths":{},"statics":{},"subpaths":{"fourteenerArray.$":{"_index":null,"_presplitPath":["fourteenerArray"],"getters":[],"instance":"Number","options":{},"path":"fourteenerArray.$","setters":[],"validators":[]}},"tree":{"_id":{"auto":true,"type":"ObjectId"},"email":{"unique":true},"fourteenerArray":[null],"id":{"getters":[null],"options":{},"path":"id","setters":[]}},"virtuals":{"id":{"getters":[null],"options":{},"path":"id","setters":[]}}}},"timestamp":"2023-08-09T00:45:58.245Z"}
{"level":"http","message":"POST /api/updateUser 200 2 - 11.928 ms","timestamp":"2023-08-09T00:45:58.258Z"}
{"level":"http","message":"GET /api/users 304 - - 10.545 ms","timestamp":"2023-08-09T00:45:58.274Z"}
{"level":"info","message":"Info message","timestamp":"2023-08-09T00:48:29.806Z"}
{"level":"error","message":"Error message","timestamp":"2023-08-09T00:48:29.808Z"}
{"level":"warn","message":"Warning message","timestamp":"2023-08-09T00:48:29.808Z"}
{"level":"info","message":"Express started on http://localhost:3000; press Ctrl-C to terminate.","timestamp":"2023-08-09T00:48:29.812Z"}
{"level":"info","message":"MongoDB connection established","timestamp":"2023-08-09T00:48:29.820Z"}
{"level":"info","message":{"acknowledged":true,"matchedCount":0,"modifiedCount":0,"upsertedCount":0,"upsertedId":null},"timestamp":"2023-08-09T00:48:36.456Z"}
{"level":"http","message":"POST /api/updateUser 200 2 - 11.045 ms","timestamp":"2023-08-09T00:48:36.460Z"}
{"level":"http","message":"GET /api/users 304 - - 12.742 ms","timestamp":"2023-08-09T00:48:36.467Z"}
{"level":"info","message":"Info message","timestamp":"2023-08-09T00:50:05.690Z"}
{"level":"error","message":"Error message","timestamp":"2023-08-09T00:50:05.692Z"}
{"level":"warn","message":"Warning message","timestamp":"2023-08-09T00:50:05.692Z"}
{"level":"info","message":"Express started on http://localhost:3000; press Ctrl-C to terminate.","timestamp":"2023-08-09T00:50:05.696Z"}
{"level":"info","message":"MongoDB connection established","timestamp":"2023-08-09T00:50:05.704Z"}
{"level":"http","message":"POST /api/updateUser 200 2 - 15.474 ms","timestamp":"2023-08-09T00:50:10.378Z"}
{"level":"http","message":"GET /api/users 304 - - 17.684 ms","timestamp":"2023-08-09T00:50:10.384Z"}
{"level":"info","message":"Info message","timestamp":"2023-08-09T01:03:28.636Z"}
{"level":"error","message":"Error message","timestamp":"2023-08-09T01:03:28.638Z"}
{"level":"warn","message":"Warning message","timestamp":"2023-08-09T01:03:28.638Z"}
{"level":"info","message":"Express started on http://localhost:3000; press Ctrl-C to terminate.","timestamp":"2023-08-09T01:03:28.642Z"}
{"level":"info","message":"MongoDB connection established","timestamp":"2023-08-09T01:03:28.650Z"}
{"level":"http","message":"POST /api/updateUser 200 104 - 10.165 ms","timestamp":"2023-08-09T01:03:30.686Z"}
{"level":"http","message":"GET /api/users 304 - - 12.721 ms","timestamp":"2023-08-09T01:03:30.694Z"}
{"level":"info","message":"Info message","timestamp":"2023-08-09T01:04:04.331Z"}
{"level":"error","message":"Error message","timestamp":"2023-08-09T01:04:04.333Z"}
{"level":"warn","message":"Warning message","timestamp":"2023-08-09T01:04:04.334Z"}
{"level":"info","message":"Express started on http://localhost:3000; press Ctrl-C to terminate.","timestamp":"2023-08-09T01:04:04.338Z"}
{"level":"info","message":"MongoDB connection established","timestamp":"2023-08-09T01:04:04.348Z"}
{"level":"http","message":"POST /api/updateUser 200 104 - 18.665 ms","timestamp":"2023-08-09T01:04:07.343Z"}
{"level":"http","message":"GET /api/users 304 - - 19.368 ms","timestamp":"2023-08-09T01:04:07.353Z"}
{"level":"info","message":"Info message","timestamp":"2023-08-09T01:04:52.612Z"}
{"level":"error","message":"Error message","timestamp":"2023-08-09T01:04:52.614Z"}
{"level":"warn","message":"Warning message","timestamp":"2023-08-09T01:04:52.614Z"}
{"level":"info","message":"Express started on http://localhost:3000; press Ctrl-C to terminate.","timestamp":"2023-08-09T01:04:52.618Z"}
{"level":"info","message":"MongoDB connection established","timestamp":"2023-08-09T01:04:52.627Z"}
{"level":"http","message":"POST /api/updateUser 200 92 - 12.879 ms","timestamp":"2023-08-09T01:04:56.932Z"}
{"level":"http","message":"GET /api/users 304 - - 12.823 ms","timestamp":"2023-08-09T01:04:56.938Z"}
{"level":"info","message":"Info message","timestamp":"2023-08-09T01:06:06.152Z"}
{"level":"error","message":"Error message","timestamp":"2023-08-09T01:06:06.155Z"}
{"level":"warn","message":"Warning message","timestamp":"2023-08-09T01:06:06.155Z"}
{"level":"info","message":"Express started on http://localhost:3000; press Ctrl-C to terminate.","timestamp":"2023-08-09T01:06:06.159Z"}
{"level":"info","message":"MongoDB connection established","timestamp":"2023-08-09T01:06:06.168Z"}
{"level":"http","message":"POST /api/updateUser 200 5 - 12.076 ms","timestamp":"2023-08-09T01:06:08.648Z"}
{"level":"http","message":"GET /api/users 304 - - 14.354 ms","timestamp":"2023-08-09T01:06:08.655Z"}
{"level":"info","message":"Info message","timestamp":"2023-08-09T01:06:59.673Z"}
{"level":"error","message":"Error message","timestamp":"2023-08-09T01:06:59.676Z"}
{"level":"warn","message":"Warning message","timestamp":"2023-08-09T01:06:59.676Z"}
{"level":"info","message":"Express started on http://localhost:3000; press Ctrl-C to terminate.","timestamp":"2023-08-09T01:06:59.680Z"}
{"level":"info","message":"MongoDB connection established","timestamp":"2023-08-09T01:06:59.689Z"}
{"level":"http","message":"POST /api/updateUser 200 5 - 10.803 ms","timestamp":"2023-08-09T01:07:02.792Z"}
{"level":"http","message":"GET /api/users 304 - - 11.287 ms","timestamp":"2023-08-09T01:07:02.797Z"}
{"level":"info","message":"Info message","timestamp":"2023-08-09T01:12:52.326Z"}
{"level":"error","message":"Error message","timestamp":"2023-08-09T01:12:52.329Z"}
{"level":"warn","message":"Warning message","timestamp":"2023-08-09T01:12:52.331Z"}
{"level":"info","message":"Express started on http://localhost:3000; press Ctrl-C to terminate.","timestamp":"2023-08-09T01:12:52.337Z"}
{"level":"info","message":"MongoDB connection established","timestamp":"2023-08-09T01:12:52.357Z"}
{"level":"http","message":"POST /api/updateUser 200 - - 10.304 ms","timestamp":"2023-08-09T01:12:55.326Z"}
{"level":"http","message":"GET /api/users 304 - - 10.343 ms","timestamp":"2023-08-09T01:12:55.332Z"}
{"level":"info","message":"Info message","timestamp":"2023-08-09T01:13:42.367Z"}
{"level":"error","message":"Error message","timestamp":"2023-08-09T01:13:42.369Z"}
{"level":"warn","message":"Warning message","timestamp":"2023-08-09T01:13:42.369Z"}
{"level":"info","message":"Express started on http://localhost:3000; press Ctrl-C to terminate.","timestamp":"2023-08-09T01:13:42.373Z"}
{"level":"info","message":"MongoDB connection established","timestamp":"2023-08-09T01:13:42.380Z"}
{"level":"info","message":"success","timestamp":"2023-08-09T01:13:45.541Z"}
{"level":"http","message":"POST /api/updateUser 200 - - 12.287 ms","timestamp":"2023-08-09T01:13:45.545Z"}
{"level":"http","message":"GET /api/users 304 - - 16.451 ms","timestamp":"2023-08-09T01:13:45.556Z"}
{"level":"info","message":"Info message","timestamp":"2023-08-09T01:14:38.246Z"}
{"level":"error","message":"Error message","timestamp":"2023-08-09T01:14:38.249Z"}
{"level":"warn","message":"Warning message","timestamp":"2023-08-09T01:14:38.249Z"}
{"level":"info","message":"Express started on http://localhost:3000; press Ctrl-C to terminate.","timestamp":"2023-08-09T01:14:38.254Z"}
{"level":"info","message":"MongoDB connection established","timestamp":"2023-08-09T01:14:38.263Z"}
{"level":"info","message":"success","timestamp":"2023-08-09T01:14:43.090Z"}
{"level":"info","message":"foo","timestamp":"2023-08-09T01:14:43.091Z"}
{"level":"http","message":"POST /api/updateUser 200 5 - 13.165 ms","timestamp":"2023-08-09T01:14:43.094Z"}
{"level":"http","message":"GET /api/users 304 - - 12.819 ms","timestamp":"2023-08-09T01:14:43.100Z"}
{"level":"info","message":"Info message","timestamp":"2023-08-09T01:16:29.341Z"}
{"level":"error","message":"Error message","timestamp":"2023-08-09T01:16:29.343Z"}
{"level":"warn","message":"Warning message","timestamp":"2023-08-09T01:16:29.344Z"}
{"level":"info","message":"Express started on http://localhost:3000; press Ctrl-C to terminate.","timestamp":"2023-08-09T01:16:29.348Z"}
{"level":"info","message":"MongoDB connection established","timestamp":"2023-08-09T01:16:29.356Z"}
{"level":"info","message":{"acknowledged":true,"matchedCount":0,"modifiedCount":0,"upsertedCount":0,"upsertedId":null},"timestamp":"2023-08-09T01:16:32.411Z"}
{"level":"http","message":"POST /api/updateUser 200 92 - 13.145 ms","timestamp":"2023-08-09T01:16:32.416Z"}
{"level":"http","message":"GET /api/users 304 - - 13.864 ms","timestamp":"2023-08-09T01:16:32.422Z"}
{"level":"info","message":"Info message","timestamp":"2023-08-09T01:16:57.391Z"}
{"level":"error","message":"Error message","timestamp":"2023-08-09T01:16:57.393Z"}
{"level":"warn","message":"Warning message","timestamp":"2023-08-09T01:16:57.394Z"}
{"level":"info","message":"Express started on http://localhost:3000; press Ctrl-C to terminate.","timestamp":"2023-08-09T01:16:57.398Z"}
{"level":"info","message":"MongoDB connection established","timestamp":"2023-08-09T01:16:57.406Z"}
{"level":"info","message":{"acknowledged":true,"matchedCount":0,"modifiedCount":0,"upsertedCount":0,"upsertedId":null},"timestamp":"2023-08-09T01:17:00.102Z"}
{"level":"http","message":"POST /api/updateUser 200 92 - 14.373 ms","timestamp":"2023-08-09T01:17:00.106Z"}
{"level":"http","message":"GET /api/users 304 - - 12.090 ms","timestamp":"2023-08-09T01:17:00.112Z"}
{"level":"info","message":"Info message","timestamp":"2023-08-09T01:17:27.348Z"}
{"level":"error","message":"Error message","timestamp":"2023-08-09T01:17:27.351Z"}
{"level":"warn","message":"Warning message","timestamp":"2023-08-09T01:17:27.351Z"}
{"level":"info","message":"Express started on http://localhost:3000; press Ctrl-C to terminate.","timestamp":"2023-08-09T01:17:27.355Z"}
{"level":"info","message":"MongoDB connection established","timestamp":"2023-08-09T01:17:27.363Z"}
{"level":"info","message":{"result":{"acknowledged":true,"matchedCount":0,"modifiedCount":0,"upsertedCount":0,"upsertedId":null}},"timestamp":"2023-08-09T01:17:32.223Z"}
{"level":"http","message":"POST /api/updateUser 200 92 - 11.318 ms","timestamp":"2023-08-09T01:17:32.227Z"}
{"level":"http","message":"GET /api/users 304 - - 12.194 ms","timestamp":"2023-08-09T01:17:32.233Z"}
{"level":"info","message":"Info message","timestamp":"2023-08-09T01:19:19.065Z"}
{"level":"error","message":"Error message","timestamp":"2023-08-09T01:19:19.067Z"}
{"level":"warn","message":"Warning message","timestamp":"2023-08-09T01:19:19.068Z"}
{"level":"info","message":"Express started on http://localhost:3000; press Ctrl-C to terminate.","timestamp":"2023-08-09T01:19:19.071Z"}
{"level":"info","message":"MongoDB connection established","timestamp":"2023-08-09T01:19:19.079Z"}
{"level":"info","message":"{\"acknowledged\":true,\"modifiedCount\":0,\"upsertedId\":null,\"upsertedCount\":0,\"matchedCount\":0}","timestamp":"2023-08-09T01:19:23.284Z"}
{"level":"http","message":"POST /api/updateUser 200 92 - 12.906 ms","timestamp":"2023-08-09T01:19:23.288Z"}
{"level":"http","message":"GET /api/users 304 - - 12.773 ms","timestamp":"2023-08-09T01:19:23.294Z"}
{"level":"info","message":"Info message","timestamp":"2023-08-09T01:22:17.135Z"}
{"level":"error","message":"Error message","timestamp":"2023-08-09T01:22:17.138Z"}
{"level":"warn","message":"Warning message","timestamp":"2023-08-09T01:22:17.138Z"}
{"level":"info","message":"Express started on http://localhost:3000; press Ctrl-C to terminate.","timestamp":"2023-08-09T01:22:17.142Z"}
{"level":"info","message":"MongoDB connection established","timestamp":"2023-08-09T01:22:17.150Z"}
{"level":"info","message":null,"timestamp":"2023-08-09T01:22:19.550Z"}
{"error":{},"level":"error","message":"Update user by email failed","timestamp":"2023-08-09T01:22:19.551Z"}
{"level":"http","message":"POST /api/updateUser 200 107 - 12.995 ms","timestamp":"2023-08-09T01:22:19.555Z"}
{"level":"http","message":"GET /api/users 304 - - 15.231 ms","timestamp":"2023-08-09T01:22:19.562Z"}
{"level":"info","message":null,"timestamp":"2023-08-09T01:23:03.110Z"}
{"error":{},"level":"error","message":"Update user by email failed","timestamp":"2023-08-09T01:23:03.110Z"}
{"level":"http","message":"POST /api/updateUser 200 107 - 5.381 ms","timestamp":"2023-08-09T01:23:03.112Z"}
{"level":"http","message":"GET /api/users 200 411 - 5.984 ms","timestamp":"2023-08-09T01:23:03.115Z"}
{"level":"info","message":"Info message","timestamp":"2023-08-09T01:23:43.084Z"}
{"level":"error","message":"Error message","timestamp":"2023-08-09T01:23:43.087Z"}
{"level":"warn","message":"Warning message","timestamp":"2023-08-09T01:23:43.088Z"}
{"level":"info","message":"Express started on http://localhost:3000; press Ctrl-C to terminate.","timestamp":"2023-08-09T01:23:43.092Z"}
{"level":"info","message":"MongoDB connection established","timestamp":"2023-08-09T01:23:43.102Z"}
{"level":"info","message":null,"timestamp":"2023-08-09T01:23:45.996Z"}
{"error":{},"level":"error","message":"Update user by email failed","timestamp":"2023-08-09T01:23:45.997Z"}
{"level":"http","message":"POST /api/updateUser 200 107 - 11.177 ms","timestamp":"2023-08-09T01:23:46.001Z"}
{"level":"http","message":"GET /api/users 304 - - 14.054 ms","timestamp":"2023-08-09T01:23:46.008Z"}
{"level":"info","message":"Info message","timestamp":"2023-08-09T01:24:51.016Z"}
{"level":"error","message":"Error message","timestamp":"2023-08-09T01:24:51.018Z"}
{"level":"warn","message":"Warning message","timestamp":"2023-08-09T01:24:51.019Z"}
{"level":"info","message":"Express started on http://localhost:3000; press Ctrl-C to terminate.","timestamp":"2023-08-09T01:24:51.022Z"}
{"level":"info","message":"MongoDB connection established","timestamp":"2023-08-09T01:24:51.032Z"}
{"level":"info","message":null,"timestamp":"2023-08-09T01:24:54.784Z"}
{"level":"http","message":"POST /api/updateUser 200 18 - 10.222 ms","timestamp":"2023-08-09T01:24:54.788Z"}
{"level":"http","message":"GET /api/users 304 - - 12.864 ms","timestamp":"2023-08-09T01:24:54.795Z"}
{"level":"info","message":"Info message","timestamp":"2023-08-09T01:25:33.977Z"}
{"level":"error","message":"Error message","timestamp":"2023-08-09T01:25:33.980Z"}
{"level":"warn","message":"Warning message","timestamp":"2023-08-09T01:25:33.980Z"}
{"level":"info","message":"Express started on http://localhost:3000; press Ctrl-C to terminate.","timestamp":"2023-08-09T01:25:33.984Z"}
{"level":"info","message":"MongoDB connection established","timestamp":"2023-08-09T01:25:33.993Z"}
{"level":"info","message":null,"timestamp":"2023-08-09T01:25:45.183Z"}
{"level":"info","message":"Update succeeded","timestamp":"2023-08-09T01:25:45.184Z"}
{"level":"http","message":"GET /api/users 304 - - 14.843 ms","timestamp":"2023-08-09T01:25:45.199Z"}
{"level":"info","message":null,"timestamp":"2023-08-09T01:26:05.185Z"}
{"level":"info","message":"Update succeeded","timestamp":"2023-08-09T01:26:05.186Z"}
{"level":"http","message":"GET /api/users 304 - - 4.684 ms","timestamp":"2023-08-09T01:26:05.188Z"}
{"level":"info","message":"Info message","timestamp":"2023-08-09T01:26:20.543Z"}
{"level":"error","message":"Error message","timestamp":"2023-08-09T01:26:20.545Z"}
{"level":"warn","message":"Warning message","timestamp":"2023-08-09T01:26:20.545Z"}
{"level":"info","message":"Express started on http://localhost:3000; press Ctrl-C to terminate.","timestamp":"2023-08-09T01:26:20.550Z"}
{"level":"info","message":"MongoDB connection established","timestamp":"2023-08-09T01:26:20.558Z"}
{"level":"info","message":null,"timestamp":"2023-08-09T01:26:24.878Z"}
{"error":{},"level":"error","message":"Update user by email failed","timestamp":"2023-08-09T01:26:24.879Z"}
{"level":"http","message":"POST /api/updateUser 200 107 - 14.169 ms","timestamp":"2023-08-09T01:26:24.884Z"}
{"level":"http","message":"GET /api/users 304 - - 16.387 ms","timestamp":"2023-08-09T01:26:24.891Z"}
{"level":"info","message":"Info message","timestamp":"2023-08-09T01:27:06.001Z"}
{"level":"error","message":"Error message","timestamp":"2023-08-09T01:27:06.003Z"}
{"level":"warn","message":"Warning message","timestamp":"2023-08-09T01:27:06.004Z"}
{"level":"info","message":"Express started on http://localhost:3000; press Ctrl-C to terminate.","timestamp":"2023-08-09T01:27:06.008Z"}
{"level":"info","message":"MongoDB connection established","timestamp":"2023-08-09T01:27:06.017Z"}
{"level":"info","message":null,"timestamp":"2023-08-09T01:27:08.305Z"}
{"level":"info","message":"Unable to find record to update","timestamp":"2023-08-09T01:27:08.305Z"}
{"level":"http","message":"GET /api/users 304 - - 11.801 ms","timestamp":"2023-08-09T01:27:08.316Z"}
{"level":"info","message":"Info message","timestamp":"2023-08-09T01:27:29.492Z"}
{"level":"error","message":"Error message","timestamp":"2023-08-09T01:27:29.494Z"}
{"level":"warn","message":"Warning message","timestamp":"2023-08-09T01:27:29.495Z"}
{"level":"info","message":"Express started on http://localhost:3000; press Ctrl-C to terminate.","timestamp":"2023-08-09T01:27:29.499Z"}
{"level":"info","message":"MongoDB connection established","timestamp":"2023-08-09T01:27:29.507Z"}
{"level":"info","message":null,"timestamp":"2023-08-09T01:27:31.870Z"}
{"level":"info","message":"Unable to find record to update","timestamp":"2023-08-09T01:27:31.871Z"}
{"error":{},"level":"error","message":"Unable to find record to update","timestamp":"2023-08-09T01:27:31.871Z"}
{"level":"http","message":"POST /api/updateUser 200 111 - 12.145 ms","timestamp":"2023-08-09T01:27:31.875Z"}
{"level":"http","message":"GET /api/users 304 - - 13.941 ms","timestamp":"2023-08-09T01:27:31.882Z"}
{"level":"info","message":"Info message","timestamp":"2023-08-09T01:28:32.445Z"}
{"level":"error","message":"Error message","timestamp":"2023-08-09T01:28:32.447Z"}
{"level":"warn","message":"Warning message","timestamp":"2023-08-09T01:28:32.447Z"}
{"level":"info","message":"Express started on http://localhost:3000; press Ctrl-C to terminate.","timestamp":"2023-08-09T01:28:32.451Z"}
{"level":"info","message":"MongoDB connection established","timestamp":"2023-08-09T01:28:32.459Z"}
{"level":"info","message":null,"timestamp":"2023-08-09T01:28:35.540Z"}
{"error":{},"level":"error","message":"Unable to find record to update","timestamp":"2023-08-09T01:28:35.541Z"}
{"level":"http","message":"POST /api/updateUser 200 111 - 11.605 ms","timestamp":"2023-08-09T01:28:35.545Z"}
{"level":"http","message":"GET /api/users 304 - - 15.701 ms","timestamp":"2023-08-09T01:28:35.554Z"}
{"level":"info","message":null,"timestamp":"2023-08-09T01:28:39.946Z"}
{"error":{},"level":"error","message":"Unable to find record to update","timestamp":"2023-08-09T01:28:39.946Z"}
{"level":"http","message":"POST /api/updateUser 200 111 - 3.202 ms","timestamp":"2023-08-09T01:28:39.947Z"}
{"level":"http","message":"GET /api/users 304 - - 3.925 ms","timestamp":"2023-08-09T01:28:39.949Z"}
{"level":"info","message":"Info message","timestamp":"2023-08-09T01:28:53.431Z"}
{"level":"error","message":"Error message","timestamp":"2023-08-09T01:28:53.434Z"}
{"level":"warn","message":"Warning message","timestamp":"2023-08-09T01:28:53.434Z"}
{"level":"info","message":"Express started on http://localhost:3000; press Ctrl-C to terminate.","timestamp":"2023-08-09T01:28:53.438Z"}
{"level":"info","message":"MongoDB connection established","timestamp":"2023-08-09T01:28:53.447Z"}
{"level":"info","message":null,"timestamp":"2023-08-09T01:28:55.831Z"}
{"error":{},"level":"error","message":"Unable to find record to update","timestamp":"2023-08-09T01:28:55.831Z"}
{"level":"http","message":"POST /api/updateUser 200 111 - 12.533 ms","timestamp":"2023-08-09T01:28:55.835Z"}
{"level":"http","message":"GET /api/users 200 410 - 14.238 ms","timestamp":"2023-08-09T01:28:55.842Z"}
{"level":"info","message":"Info message","timestamp":"2023-08-09T01:31:03.343Z"}
{"level":"error","message":"Error message","timestamp":"2023-08-09T01:31:03.345Z"}
{"level":"warn","message":"Warning message","timestamp":"2023-08-09T01:31:03.345Z"}
{"level":"info","message":"Express started on http://localhost:3000; press Ctrl-C to terminate.","timestamp":"2023-08-09T01:31:03.349Z"}
{"level":"info","message":"MongoDB connection established","timestamp":"2023-08-09T01:31:03.364Z"}
{"level":"info","message":{"acknowledged":true,"matchedCount":1,"modifiedCount":0,"upsertedCount":0,"upsertedId":null},"timestamp":"2023-08-09T01:31:06.557Z"}
{"level":"info","message":null,"timestamp":"2023-08-09T01:31:06.558Z"}
{"error":{},"level":"error","message":"Unable to find record to update","timestamp":"2023-08-09T01:31:06.559Z"}
{"level":"http","message":"POST /api/updateUser 200 111 - 12.778 ms","timestamp":"2023-08-09T01:31:06.563Z"}
{"level":"http","message":"GET /api/users 304 - - 19.281 ms","timestamp":"2023-08-09T01:31:06.574Z"}
{"level":"info","message":"Info message","timestamp":"2023-08-09T01:31:26.825Z"}
{"level":"error","message":"Error message","timestamp":"2023-08-09T01:31:26.828Z"}
{"level":"warn","message":"Warning message","timestamp":"2023-08-09T01:31:26.828Z"}
{"level":"info","message":"Express started on http://localhost:3000; press Ctrl-C to terminate.","timestamp":"2023-08-09T01:31:26.832Z"}
{"level":"info","message":"MongoDB connection established","timestamp":"2023-08-09T01:31:26.840Z"}
{"level":"info","message":"{\"acknowledged\":true,\"modifiedCount\":0,\"upsertedId\":null,\"upsertedCount\":0,\"matchedCount\":1}","timestamp":"2023-08-09T01:31:29.074Z"}
{"level":"info","message":null,"timestamp":"2023-08-09T01:31:29.075Z"}
{"error":{},"level":"error","message":"Unable to find record to update","timestamp":"2023-08-09T01:31:29.075Z"}
{"level":"http","message":"POST /api/updateUser 200 111 - 10.779 ms","timestamp":"2023-08-09T01:31:29.078Z"}
{"level":"http","message":"GET /api/users 304 - - 11.307 ms","timestamp":"2023-08-09T01:31:29.083Z"}
{"level":"info","message":"Info message","timestamp":"2023-08-09T01:32:21.599Z"}
{"level":"error","message":"Error message","timestamp":"2023-08-09T01:32:21.601Z"}
{"level":"warn","message":"Warning message","timestamp":"2023-08-09T01:32:21.602Z"}
{"level":"info","message":"Express started on http://localhost:3000; press Ctrl-C to terminate.","timestamp":"2023-08-09T01:32:21.606Z"}
{"level":"info","message":"MongoDB connection established","timestamp":"2023-08-09T01:32:21.614Z"}
{"level":"info","message":"{\"acknowledged\":true,\"modifiedCount\":0,\"upsertedId\":null,\"upsertedCount\":0,\"matchedCount\":1}","timestamp":"2023-08-09T01:32:24.352Z"}
{"level":"info","message":null,"timestamp":"2023-08-09T01:32:24.353Z"}
{"level":"http","message":"POST /api/updateUser 200 18 - 13.976 ms","timestamp":"2023-08-09T01:32:24.358Z"}
{"level":"http","message":"GET /api/users 304 - - 15.075 ms","timestamp":"2023-08-09T01:32:24.364Z"}
{"level":"info","message":"{\"acknowledged\":true,\"modifiedCount\":0,\"upsertedId\":null,\"upsertedCount\":0,\"matchedCount\":0}","timestamp":"2023-08-09T01:32:49.450Z"}
{"level":"info","message":null,"timestamp":"2023-08-09T01:32:49.450Z"}
{"error":{},"level":"error","message":"Unable to find record to update","timestamp":"2023-08-09T01:32:49.451Z"}
{"level":"http","message":"POST /api/updateUser 200 111 - 5.383 ms","timestamp":"2023-08-09T01:32:49.452Z"}
{"level":"http","message":"GET /api/users 304 - - 6.106 ms","timestamp":"2023-08-09T01:32:49.455Z"}
{"level":"info","message":"Info message","timestamp":"2023-08-09T01:35:03.831Z"}
{"level":"error","message":"Error message","timestamp":"2023-08-09T01:35:03.833Z"}
{"level":"warn","message":"Warning message","timestamp":"2023-08-09T01:35:03.834Z"}
{"level":"info","message":"Express started on http://localhost:3000; press Ctrl-C to terminate.","timestamp":"2023-08-09T01:35:03.838Z"}
{"level":"info","message":"MongoDB connection established","timestamp":"2023-08-09T01:35:03.846Z"}
{"error":{},"level":"error","message":"Unable to find record to update","timestamp":"2023-08-09T01:35:06.772Z"}
{"level":"http","message":"POST /api/updateUser 200 45 - 12.333 ms","timestamp":"2023-08-09T01:35:06.777Z"}
{"level":"http","message":"GET /api/users 304 - - 16.014 ms","timestamp":"2023-08-09T01:35:06.786Z"}
{"level":"http","message":"POST /api/updateUser 200 18 - 3.771 ms","timestamp":"2023-08-09T01:35:13.272Z"}
{"level":"http","message":"GET /api/users 304 - - 4.875 ms","timestamp":"2023-08-09T01:35:13.275Z"}
{"level":"info","message":"Info message","timestamp":"2023-08-09T01:38:49.811Z"}
{"level":"error","message":"Error message","timestamp":"2023-08-09T01:38:49.813Z"}
{"level":"warn","message":"Warning message","timestamp":"2023-08-09T01:38:49.813Z"}
{"level":"info","message":"Express started on http://localhost:3000; press Ctrl-C to terminate.","timestamp":"2023-08-09T01:38:49.817Z"}
{"level":"info","message":"MongoDB connection established","timestamp":"2023-08-09T01:38:49.827Z"}
{"level":"http","message":"DELETE /api/user/johndoe1@hotmail.com 200 23 - 21.892 ms","timestamp":"2023-08-09T01:38:59.850Z"}
{"level":"http","message":"GET /api/users 304 - - 6.600 ms","timestamp":"2023-08-09T01:39:07.152Z"}
{"level":"info","message":"Info message","timestamp":"2023-08-09T01:39:40.072Z"}
{"level":"error","message":"Error message","timestamp":"2023-08-09T01:39:40.074Z"}
{"level":"warn","message":"Warning message","timestamp":"2023-08-09T01:39:40.074Z"}
{"level":"info","message":"Express started on http://localhost:3000; press Ctrl-C to terminate.","timestamp":"2023-08-09T01:39:40.078Z"}
{"level":"info","message":"MongoDB connection established","timestamp":"2023-08-09T01:39:40.088Z"}
{"level":"info","message":"{\"acknowledged\":true,\"deletedCount\":0}","timestamp":"2023-08-09T01:39:43.818Z"}
{"level":"http","message":"DELETE /api/user/johndoe1@hotmail.com 200 23 - 6.247 ms","timestamp":"2023-08-09T01:39:43.822Z"}
{"level":"info","message":"Info message","timestamp":"2023-08-09T01:39:59.197Z"}
{"level":"error","message":"Error message","timestamp":"2023-08-09T01:39:59.199Z"}
{"level":"warn","message":"Warning message","timestamp":"2023-08-09T01:39:59.200Z"}
{"level":"info","message":"Express started on http://localhost:3000; press Ctrl-C to terminate.","timestamp":"2023-08-09T01:39:59.204Z"}
{"level":"info","message":"MongoDB connection established","timestamp":"2023-08-09T01:39:59.211Z"}
{"level":"info","message":"{\"acknowledged\":true,\"deletedCount\":0}","timestamp":"2023-08-09T01:40:02.510Z"}
{"error":{},"level":"error","message":"Unable to find record to delete","timestamp":"2023-08-09T01:40:02.510Z"}
{"level":"http","message":"DELETE /api/user/johndoe1@hotmail.com 200 45 - 8.380 ms","timestamp":"2023-08-09T01:40:02.515Z"}
{"level":"info","message":"{\"acknowledged\":true,\"deletedCount\":1}","timestamp":"2023-08-09T01:40:08.013Z"}
{"level":"http","message":"DELETE /api/user/johndoe@hotmail.com 200 23 - 3.211 ms","timestamp":"2023-08-09T01:40:08.014Z"}
{"level":"info","message":"Info message","timestamp":"2023-08-09T01:42:59.525Z"}
{"level":"error","message":"Error message","timestamp":"2023-08-09T01:42:59.527Z"}
{"level":"warn","message":"Warning message","timestamp":"2023-08-09T01:42:59.528Z"}
{"level":"info","message":"Express started on http://localhost:3000; press Ctrl-C to terminate.","timestamp":"2023-08-09T01:42:59.532Z"}
{"level":"info","message":"MongoDB connection established","timestamp":"2023-08-09T01:42:59.540Z"}
{"error":{},"level":"error","message":"Create user success","timestamp":"2023-08-09T01:43:12.674Z"}
{"level":"http","message":"POST /api/createUser 200 33 - 11.627 ms","timestamp":"2023-08-09T01:43:12.680Z"}
{"level":"info","message":"Info message","timestamp":"2023-08-09T01:43:45.931Z"}
{"level":"error","message":"Error message","timestamp":"2023-08-09T01:43:45.933Z"}
{"level":"warn","message":"Warning message","timestamp":"2023-08-09T01:43:45.934Z"}
{"level":"info","message":"Express started on http://localhost:3000; press Ctrl-C to terminate.","timestamp":"2023-08-09T01:43:45.937Z"}
{"level":"info","message":"MongoDB connection established","timestamp":"2023-08-09T01:43:45.944Z"}
{"level":"info","message":"Create user success","result":{},"timestamp":"2023-08-09T01:43:50.419Z"}
{"level":"http","message":"POST /api/createUser 200 33 - 11.220 ms","timestamp":"2023-08-09T01:43:50.422Z"}
{"level":"info","message":"Info message","timestamp":"2023-08-09T01:45:09.640Z"}
{"level":"error","message":"Error message","timestamp":"2023-08-09T01:45:09.642Z"}
{"level":"warn","message":"Warning message","timestamp":"2023-08-09T01:45:09.643Z"}
{"level":"info","message":"Express started on http://localhost:3000; press Ctrl-C to terminate.","timestamp":"2023-08-09T01:45:09.648Z"}
{"level":"info","message":"MongoDB connection established","timestamp":"2023-08-09T01:45:09.657Z"}
{"level":"http","message":"GET /api/users 200 570 - 11.352 ms","timestamp":"2023-08-09T01:45:12.912Z"}
{"level":"info","message":"Delete user by email success","result":{},"timestamp":"2023-08-09T01:45:21.199Z"}
{"level":"http","message":"DELETE /api/user/johndoe2@hotmail.com 200 42 - 4.473 ms","timestamp":"2023-08-09T01:45:21.201Z"}
{"level":"http","message":"GET /api/users 200 425 - 2.750 ms","timestamp":"2023-08-09T01:45:23.904Z"}
{"level":"http","message":"GET /api/users 304 - - 3.208 ms","timestamp":"2023-08-09T01:46:14.675Z"}
{"level":"info","message":"Delete user by email success","result":{},"timestamp":"2023-08-09T01:46:21.553Z"}
{"level":"http","message":"DELETE /api/user/johndoe1@hotmail.com 200 42 - 3.790 ms","timestamp":"2023-08-09T01:46:21.554Z"}
{"level":"http","message":"GET /api/users 200 280 - 5.720 ms","timestamp":"2023-08-09T01:46:21.558Z"}
{"level":"info","message":"Info message","timestamp":"2023-08-09T01:51:06.472Z"}
{"level":"error","message":"Error message","timestamp":"2023-08-09T01:51:06.477Z"}
{"level":"warn","message":"Warning message","timestamp":"2023-08-09T01:51:06.478Z"}
{"level":"info","message":"Express started on http://localhost:3000; press Ctrl-C to terminate.","timestamp":"2023-08-09T01:51:06.485Z"}
{"level":"info","message":"MongoDB connection established","timestamp":"2023-08-09T01:51:06.497Z"}
{"error":{},"level":"error","message":"Delete user by email failed","timestamp":"2023-08-09T01:51:15.908Z"}
{"level":"http","message":"DELETE /api/user/johndoe1@hotmail.com 200 41 - 10.842 ms","timestamp":"2023-08-09T01:51:15.912Z"}
{"level":"http","message":"GET /api/users 304 - - 14.833 ms","timestamp":"2023-08-09T01:51:15.920Z"}
{"level":"info","message":"Info message","timestamp":"2023-08-09T01:52:15.105Z"}
{"level":"error","message":"Error message","timestamp":"2023-08-09T01:52:15.107Z"}
{"level":"warn","message":"Warning message","timestamp":"2023-08-09T01:52:15.107Z"}
{"level":"info","message":"Express started on http://localhost:3000; press Ctrl-C to terminate.","timestamp":"2023-08-09T01:52:15.111Z"}
{"level":"info","message":"MongoDB connection established","timestamp":"2023-08-09T01:52:15.121Z"}
{"level":"warn","message":"Unable to find record to delete","result":{},"timestamp":"2023-08-09T01:52:17.552Z"}
{"level":"http","message":"DELETE /api/user/johndoe1@hotmail.com 200 45 - 9.512 ms","timestamp":"2023-08-09T01:52:17.557Z"}
{"level":"http","message":"GET /api/users 304 - - 12.295 ms","timestamp":"2023-08-09T01:52:17.562Z"}
{"level":"info","message":"Info message","timestamp":"2023-08-09T01:52:39.437Z"}
{"level":"error","message":"Error message","timestamp":"2023-08-09T01:52:39.439Z"}
{"level":"warn","message":"Warning message","timestamp":"2023-08-09T01:52:39.439Z"}
{"level":"info","message":"Express started on http://localhost:3000; press Ctrl-C to terminate.","timestamp":"2023-08-09T01:52:39.443Z"}
{"level":"info","message":"MongoDB connection established","timestamp":"2023-08-09T01:52:39.452Z"}
{"level":"warn","message":"Unable to find record to delete","result":{"acknowledged":true,"deletedCount":0},"timestamp":"2023-08-09T01:52:41.815Z"}
{"level":"http","message":"DELETE /api/user/johndoe1@hotmail.com 200 45 - 8.377 ms","timestamp":"2023-08-09T01:52:41.819Z"}
{"level":"http","message":"GET /api/users 304 - - 11.012 ms","timestamp":"2023-08-09T01:52:41.824Z"}
